ar,bn,en,es,fr,hi,ja,ko,pa,pt,ru,tr,uk,vi,zh
القابلة التقليدية,ঐতিহ্যবাহী মিডওয়াইফ (ধাত্রী),Traditional Midwife,Partero(a) Tradicional,Accoucheuse traditionnelle,पारंपरिक दाई,伝統的な助産師,전통 조산사,ਰਵਾਇਤੀ ਦਾਈ,Parteiro(a) Tradicional,Традиционная акушерка,Geleneksel Ebe,Традиційна акушерка,Nữ hộ sinh truyền thống,传统助产士
أخصائي الوخز بالإبر,অ্যাকুপাঙ্কচারিস্ট,Acupuncturist,Acupunturista,Acupuncteur,एक्यूपंक्चर,鍼灸師,침술사,ਐਕਿਉਪੰਕਚਰ ਮਾਹਿਰ,Acupunturista,Специалист по акупунктуре / Иглорефлексотерапевт,Akupunktur Uzmanı,Голкорефлексотерапевт,Bác sĩ châm cứu,针灸师
أخصائي الإدمان,আসক্তি বিশেষজ্ঞ,Addiction Specialist,Especialista en Adicciones,Spécialiste en toxicomanie,व्यसन विशेषज्ञ,依存症専門家,중독 전문가,ਨਸ਼ਾ ਛੁਡਾਊ ਮਾਹਿਰ,Especialista em Dependência Química,Специалист по лечению зависимостей / Нарколог,Bağımlılık Uzmanı,Нарколог,Chuyên gia điều trị nghiện,成瘾治疗专家
مدير الرعاية الصحية,স্বাস্থ্যসেবা প্রশাসক,Healthcare Administrator,Administrador(a) de Salud,Administrateur de la santé,स्वास्थ्य सेवा प्रशासक,医療管理者,보건의료 관리자,ਸਿਹਤ ਸੰਭਾਲ ਪ੍ਰਬੰਧਕ,Administrador(a) de Saúde,Администратор в сфере здравоохранения,Sağlık Yöneticisi,Адміністратор системи охорони здоров'я,Quản trị viên y tế,医疗保健管理员
وكيل لإدارة ADRi و CDR,ADRi এবং CDR ব্যবস্থাপনার এজেন্ট,Agent for ADRi and CDR Management,Agente de Gestión de ADRi y CDR,Agent pour la gestion ADRi et CDR,ADRi और CDR प्रबंधन के लिए एजेंट,ADRi・CDR管理担当者,ADRi 및 CDR 관리 담당자,ADRi ਅਤੇ CDR ਪ੍ਰਬੰਧਨ ਨੁਮਾਇੰਦਾ,Agente de Gestão de ADRi e CDR,Агент по управлению ADRi и CDR,ADRi ve CDR Yönetim Temsilcisi,Агент з управління ADRi та CDR,Đại lý quản lý ADRi và CDR,ADRi及CDR管理专员
وكيل لإرجاعات No_mie,No_mie রিটার্নস এজেন্ট,Agent for No_mie Returns,Agente de Devoluciones No_mie,Agent pour No_mie Returns,No_mie रिटर्न्स के लिए एजेंट,NO_MIE返品担当者,NO_MIE 반품 처리 담당자,NO_MIE ਵਾਪਸੀ ਨੁਮਾਇੰਦਾ,Agente de Retornos NO_MIE,Агент по обработке возвратов NO_MIE,NO_MIE İade Temsilcisi,Агент з обробки повернень No_mie,Đại lý xử lý từ chối NO_MIE,NO_MIE退货处理专员
وكيل لتدفق RC/RO,RC/RO ফ্লো এজেন্ট,Agent for RC/RO Flow,Agente de Flujo RC/RO,Agent pour flux RC/RO,आरसी/आरओ फ्लो के लिए एजेंट,RC/ROフロー担当者,RC/RO 흐름 관리 담당자,RC/RO ਪ੍ਰਵਾਹ ਨੁਮਾਇੰਦਾ,Agente de Fluxo RC/RO,Агент по управлению потоками RC/RO,RC/RO Akış Temsilcisi,Агент з управління потоками RC/RO,Đại lý luồng RC/RO,RC/RO流程专员
وكيل استقبال الطوارئ,জরুরী অভ্যর্থনা এজেন্ট,Emergency Reception Agent,Agente de Recepción de Emergencias,Agent d'accueil d'urgence,आपातकालीन स्वागत एजेंट,緊急受付担当,응급실 접수 담당자,ਐਮਰਜੈਂਸੀ ਰਿਸੈਪਸ਼ਨ ਕਰਮਚਾਰੀ,Agente de Recepção de Emergência,Сотрудник приёмного отделения,Acil Durum Kabul Görevlisi,Агент екстреного прийому,Nhân viên tiếp nhận khẩn cấp,急诊接待员
عامل تنظيف متخصص لغرفة العمليات,অপারেটিং রুম বিশেষায়িত ক্লিনিং এজেন্ট,Operating Room Specialized Cleaning Agent,Agente de Limpieza Especializado(a) en Quirófano,Agent de nettoyage spécialisé pour salle d'opération,ऑपरेटिंग रूम विशेष सफाई एजेंट,手術室専門クリーニング担当,수술실 전문 청소 담당자,ਆਪ੍ਰੇਸ਼ਨ ਥੀਏਟਰ ਸਫ਼ਾਈ ਮਾਹਿਰ,Agente de Limpeza Especializado(a) de Centro Cirúrgico,Специалист по уборке операционных,Ameliyathane Uzman Temizlik Personeli,Спеціалізований прибиральник операційної,Nhân viên vệ sinh chuyên biệt phòng mổ,手术室保洁专员
وكيل الفواتير الصحية,স্বাস্থ্য বিলিং এজেন্ট,Health Billing Agent,Agente de Facturación de Salud,Agent de facturation des soins de santé,स्वास्थ्य बिलिंग एजेंट,医療費請求担当,의료비 청구 담당자,ਸਿਹਤ ਬਿਲਿੰਗ ਕਰਮਚਾਰੀ,Agente de Faturamento Médico,Специалист по выставлению медицинских счетов,Sağlık Faturalandırma Temsilcisi,Агент з виставлення рахунків за медичні послуги,Nhân viên thanh toán y tế,医疗账单专员
وكيل إدارة حقوق المرضى,রোগীর অধিকার ব্যবস্থাপনা এজেন্ট,Patient Rights Management Agent,Agente de Gestión de Derechos del Paciente,Agent de gestion des droits des patients,रोगी अधिकार प्रबंधन एजेंट,患者権利管理担当,환자 권리 관리 담당자,ਮਰੀਜ਼ ਅਧਿਕਾਰ ਪ੍ਰਬੰਧਨ ਨੁਮਾਇੰਦਾ,Agente de Gestão de Direitos do Paciente,Агент по защите прав пациентов,Hasta Hakları Yönetim Temsilcisi,Агент з управління правами пацієнтів,Nhân viên quản lý quyền bệnh nhân,患者权利管理专员
عامل مضاد للملاريا,অ্যান্টি-ম্যালেরিয়া এজেন্ট,Anti-Malaria Agent,Agente Antipalúdico(a),Agent antipaludique,मलेरिया रोधी एजेंट,抗マラリア担当員,항말라리아 요원,ਮਲੇਰੀਆ-ਰੋਕੂ ਕਰਮਚਾਰੀ,Agente Antimalárico,Сотрудник по борьбе с малярией,Sıtmayla Mücadele Görevlisi,Агент з протималярійних заходів,Nhân viên phòng chống sốt rét,抗疟疾工作者
وكيل تقديم الطعام الصحي الجماعي,স্বাস্থ্য সম্মিলিত ক্যাটারিং এজেন্ট,Health Collective Catering Agent,Agente de Restauración Colectiva en Salud,Agent de restauration collective de santé,स्वास्थ्य सामूहिक खानपान एजेंट,保健集団給食担当,보건 단체급식 담당자,ਸਿਹਤ ਸਮੂਹ ਕੇਟਰਿੰਗ ਕਰਮਚਾਰੀ,Agente de Catering Coletivo,Сотрудник по организации коллективного питания,Sağlık Kurumları Toplu Yemek Hizmetleri Temsilcisi,Агент з колективного харчування в закладах охорони здоров'я,Nhân viên phục vụ ăn uống tập thể trong y tế,医疗集体餐饮专员
وكيل الصحة المجتمعية,কমিউনিটি হেলথ এজেন্ট,Community Health Agent,Agente de Salud Comunitaria,Agent de santé communautaire,सामुदायिक स्वास्थ्य एजेंट,地域保健員,지역사회 보건요원,ਕਮਿਊਨਿਟੀ ਸਿਹਤ ਵਰਕਰ,Agente Comunitário(a) de Saúde,Общественный медработник,Toplum Sağlığı Çalışanı,Громадський медичний працівник,Nhân viên y tế cộng đồng,社区健康工作者
وكيل الصحة الريفية,গ্রামীণ স্বাস্থ্য এজেন্ট,Rural Health Agent,Agente de Salud Rural,Agent de santé rurale,ग्रामीण स्वास्थ्य एजेंट,地方保健員,농촌 보건요원,ਪੇਂਡੂ ਸਿਹਤ ਵਰਕਰ,Agente de Saúde Rural,Сельский медработник,Kırsal Sağlık Çalışanı,Сільський медичний працівник,Nhân viên y tế nông thôn,乡村健康工作者
وكيل خدمات المستشفى (HSA),হাসপাতাল পরিষেবা এজেন্ট (HSA),Hospital Service Agent (HSA),Agente de Servicios Hospitalarios (ASH),Agent de service hospitalier (ASH),अस्पताल सेवा एजेंट (एचएसए),病院サービス担当者,병원 서비스 담당자 (HSA),ਹਸਪਤਾਲ ਸੇਵਾ ਕਰਮਚਾਰੀ (HSA),Agente de Serviços Hospitalares (ASH),Сотрудник больничного сервиса,Hastane Hizmetleri Görevlisi (HSA),Агент лікарняного обслуговування (АЛО),Nhân viên phục vụ bệnh viện (HSA),医院服务人员 (HSA)
وكيل أمن المستشفى,হাসপাতাল নিরাপত্তা এজেন্ট,Hospital Security Agent,Agente de Seguridad Hospitalaria,Agent de sécurité de l'hôpital,अस्पताल सुरक्षा एजेंट,病院警備員,병원 보안요원,ਹਸਪਤਾਲ ਸੁਰੱਖਿਆ ਗਾਰਡ,Agente de Segurança Hospitalar,Сотрудник службы безопасности больницы,Hastane Güvenlik Görevlisi,Агент лікарняної охорони,Nhân viên bảo vệ bệnh viện,医院安保人员
وكيل القبول,ভর্তি এজেন্ট,Admissions Agent,Agente de Admisiones,Agent d'admission,प्रवेश एजेंट,入院受付担当,입원 수속 담당자,ਦਾਖਲਾ ਕਰਮਚਾਰੀ,Agente de Admissões,Сотрудник приёмного отделения,Hasta Kabul Görevlisi,Агент з прийому пацієнтів,Nhân viên tiếp nhận hồ sơ nhập viện,入院登记员
مساعد طبي نفسي,চিকিৎসা-মনস্তাত্ত্বিক সহকারী,Medical-Psychological Assistant,Asistente Médico-Psicológico(a),Assistant médico-psychologique,चिकित्सा-मनोवैज्ञानिक सहायक,医療心理アシスタント,의료심리 보조원,ਮੈਡੀਕਲ-ਮਨੋਵਿਗਿਆਨਕ ਸਹਾਇਕ,Assistente Médico-Psicológico(a),Медико-психологический ассистент,Tıbbi-Psikolojik Asistan,Медико-психологічний асистент,Trợ lý y tế - tâm lý,医学心理助理
مساعد الرعاية الطبية المنزلية,মেডিকেল হোম কেয়ার সহকারী,Medical Home Care Assistant,Asistente de Atención Médica a Domicilio,Assistant médical à domicile,मेडिकल होम केयर सहायक,在宅医療アシスタント,재택의료 보조원,ਮੈਡੀਕਲ ਹੋਮ ਕੇਅਰ ਸਹਾਇਕ,Assistente de Cuidado Domiciliar,Ассистент по уходу на дому,Tıbbi Evde Bakım Asistanı,Асистент з догляду на дому,Trợ lý chăm sóc tại nhà,家庭医疗护理助理
مساعد تمريض,নার্সিং সহকারী,Nursing Assistant,Auxiliar de Enfermería,Aide-soignant,नर्सिंग सहायक,看護助手,간호조무사,ਨਰਸਿੰਗ ਸਹਾਇਕ,Auxiliar de Enfermagem,Младшая медсестра / Младший медбрат,Hemşire Yardımcısı,Молодша медична сестра (санітар),Điều dưỡng viên,护士助理 / 护理员
أخصائي الحساسية,অ্যালার্জিস্ট,Allergist,Alergista,Allergologue,एलर्जी,アレルギー専門医,알레르기 전문의,ਐਲਰਜੀ ਦਾ ਮਾਹਿਰ,Alergista,Аллерголог,Alerji Uzmanı,Алерголог,Bác sĩ chuyên dị ứng,过敏症专科医生
سائق سيارة إسعاف,অ্যাম্বুলেন্স চালক,Ambulance Driver,Conductor(a) de Ambulancia,Conducteur d'ambulance,एम्बुलेंस चालक,救急車運転手,구급차 운전기사,ਐਂਬੂਲੈਂਸ ਡਰਾਈਵਰ,Motorista de Ambulância,Водитель скорой помощи,Ambulans Şoförü,Водій швидкої допомоги,Tài xế xe cứu thương,救护车司机
محلل معلوماتية صحية,স্বাস্থ্য তথ্য বিশ্লেষক,Health Informatics Analyst,Analista de Informática de la Salud,Analyste en informatique de la santé,स्वास्थ्य सूचना विज्ञान विश्लेषक,医療情報アナリスト,보건의료 정보 분석가,ਸਿਹਤ ਸੂਚਨਾ ਵਿਸ਼ਲੇਸ਼ਕ,Analista de Informática em Saúde,Аналитик медицинской информатики,Sağlık Bilişimi Analisti,Аналітик з медичної інформатики,Chuyên viên phân tích tin học y tế,健康信息学分析师
أخصائي أمراض الذكورة,অ্যান্ড্রোলজিস্ট,Andrologist,Andrólogo(a),Andrologue,एंड्रोलॉजिस्ट,男性科専門医,남성과 전문의,ਪੁਰਸ਼ ਰੋਗਾਂ ਦਾ ਮਾਹਿਰ,Andrologista,Андролог,Androloji Uzmanı,Андролог,Bác sĩ chuyên nam khoa,男科医生
طبيب تخدير و إنعاش,অ্যানেস্থেসিওলজিস্ট-রিসাসিটেটর,Anesthesiologist-Resuscitator,Anestesista-Reanimador(a),Anesthésiste-Réanimateur,एनेस्थिसियोलॉजिस्ट-रिससिटेटर,麻酔科蘇生医,마취과 의사,ਬੇਹੋਸ਼ੀ ਅਤੇ ਪੁਨਰ-ਸੁਰਜੀਤੀ ਮਾਹਿਰ,Anestesiologista-Reanimador(a),Анестезиолог-реаниматолог,Anestezi ve Reanimasyon Uzmanı,Анестезіолог-реаніматолог,Bác sĩ gây mê - hồi sức,麻醉复苏科医生
أخصائي أوعية دموية,অ্যাঞ্জিওলজিস্ট,Angiologist,Angiólogo(a),Angiologue,एंजियोलॉजिस्ट,血管専門医,혈관 전문의,ਨਾੜੀ ਰੋਗਾਂ ਦਾ ਮਾਹਿਰ,Angiologista,Ангиолог,Anjiyoloji Uzmanı,Ангіолог,Bác sĩ chuyên khoa mạch máu,血管科医生
عالم الأنثروبولوجيا الشرعية,ফরেনসিক নৃতত্ত্ববিদ,Forensic Anthropologist,Antropólogo(a) Forense,Anthropologue judiciaire,फोरेंसिक मानवविज्ञानी,法人類学者,법의인류학자,ਫੋਰੈਂਸਿਕ ਮਾਨਵ-ਵਿਗਿਆਨੀ,Antropólogo(a) Forense,Судебный антрополог,Adli Antropolog,Судовий антрополог,Nhà nhân chủng học pháp y,法医人类学家
أمين الأرشيف الطبي,মেডিকেল আর্কাইভিস্ট,Medical Archivist,Archivista Médico(a),Archiviste médical,चिकित्सा पुरालेखपाल,医療記録専門員,의무기록사,ਮੈਡੀਕਲ ਰਿਕਾਰਡ ਕੀਪਰ,Arquivista Médico(a),Медицинский архивариус,Tıbbi Arşivci,Медичний архівіст,Nhân viên lưu trữ hồ sơ y tế,病案管理员
المعالج بالروائح العطرية,অ্যারোমাথেরাপিস্ট,Aromatherapist,Aromaterapeuta,Aromathérapeute,अरोमाथेरेपिस्ट,アロマセラピスト,아로마테라피스트,ਅਰੋਮਾਥੈਰੇਪਿਸਟ,Aromaterapeuta,Ароматерапевт,Aromaterapist,Ароматерапевт,Chuyên gia trị liệu bằng tinh dầu,芳香治疗师
معالج بالفن,আর্ট থেরাপিস্ট,Art Therapist,Arteterapeuta,Art-thérapeute,कला चिकित्सक,アートセラピスト,예술 치료사,ਕਲਾ ਥੈਰੇਪਿਸਟ,Arteterapeuta,Арт-терапевт,Sanat Terapisti,Арт-терапевт,Nhà trị liệu nghệ thuật,艺术治疗师
مساعد طبي,চিকিৎসা সহকারী,Medical Assistant,Asistente Médico(a),Assistant médical,चिकित्सा सहायक,メディカルアシスタント,의료 보조원,ਮੈਡੀਕਲ ਸਹਾਇਕ,Assistente Médico(a),Ассистент врача,Tıbbi Asistan,Асистент лікаря (фельдшер),Trợ lý y tế,医疗助理
عامل اجتماعي في مجال الصحة,স্বাস্থ্যে সমাজকর্মী,Social Worker in Health,Trabajador(a) Social en Salud,Travailleur social en santé,स्वास्थ्य में सामाजिक कार्यकर्ता,医療ソーシャルワーカー,의료사회복지사,ਸਿਹਤ ਖੇਤਰ ਵਿੱਚ ਸਮਾਜ ਸੇਵਕ,Assistente Social da Saúde,Социальный работник в сфере здравоохранения,Sağlık Alanında Sosyal Hizmet Uzmanı,Соціальний працівник у сфері охорони здоров'я,Nhân viên công tác xã hội trong y tế,医务社会工作者
مساعد طبيب أسنان,ডেন্টাল অ্যাসিস্ট্যান্ট,Dental Assistant,Asistente Dental,Assistante dentaire,दंत सहायक,歯科助手,치과조무사,ਦੰਦਾਂ ਦਾ ਸਹਾਇਕ,Auxiliar de Saúde Bucal,Ассистент стоматолога,Diş Hekimi Asistanı,Асистент стоматолога,Trợ lý nha khoa,牙科助理
زميل أبحاث سريرية,ক্লিনিক্যাল রিসার্চ অ্যাসোসিয়েট,Clinical Research Associate,Asociado(a) de Investigación Clínica,Attaché de recherche clinique,नैदानिक ​​अनुसंधान सहयोगी,臨床研究アソシエイト,임상 연구원,ਕਲੀਨਿਕਲ ਖੋਜ ਸਹਿਯੋਗੀ,Associado(a) de Pesquisa Clínica,Младший научный сотрудник,Klinik Araştırma Görevlisi,Молодший науковий співробітник клінічних досліджень,Cán bộ nghiên cứu lâm sàng,临床研究助理
أخصائي السمع,অডিওলজিস্ট,Audiologist,Audiólogo(a),Audiologiste,ऑडियोलॉजिस्ट,聴覚専門家,청능사,ਸੁਣਨ ਸ਼ਕਤੀ ਦਾ ਮਾਹਿਰ,Fonoaudiólogo(a),Аудиолог / Сурдолог,Odyolog,Аудіолог,Chuyên gia thính học,听力学家
أخصائي أجهزة السمع,হিয়ারিং এইড বিশেষজ্ঞ,Hearing Aid Specialist,Audioprotesista,Spécialiste en prothèses auditives,श्रवण सहायता विशेषज्ञ,補聴器専門家,보청기 전문가,ਸੁਣਨ ਵਾਲੀ ਮਸ਼ੀਨ ਦਾ ਮਾਹਿਰ,Especialista em Aparelhos Auditivos,Специалист по слуховым аппаратам,İşitme Cihazı Uzmanı,Спеціаліст зі слухових апаратів,Chuyên viên máy trợ thính,助听器验配师
مدقق طبي,মেডিকেল অডিটর,Medical Auditor,Auditor(a) Médico(a),Auditeur médical,मेडिकल ऑडिटर,医療監査人,의료감사관,ਮੈਡੀਕਲ ਆਡੀਟਰ,Auditor(a) Médico(a),Медицинский аудитор,Tıbbi Denetçi,Медичний аудитор,Kiểm toán viên y tế,医疗审计员
مدقق الجودة,কোয়ালিটি অডিটর,Quality Auditor,Auditor(a) de Calidad,Auditeur Qualité,गुणवत्ता लेखा परीक्षक,品質監査人,품질감사관,ਗੁਣਵੱਤਾ ਆਡੀਟਰ,Auditor(a) de Qualidade,Аудитор по качеству,Kalite Denetçisi,Аудитор з якості,Kiểm toán viên chất lượng,质量审核员
مساعد رعاية الأطفال,শিশু যত্ন সহকারী,Childcare Assistant,Auxiliar de Puericultura,Assistante maternelle,चाइल्डकेयर सहायक,保育アシスタント,보육사,ਬਾਲ ਸੰਭਾਲ ਸਹਾਇਕ,Assistente de Puericultura,Помощник по уходу за детьми,Çocuk Bakım Asistanı,Асистент з догляду за дитиною,Trợ lý chăm sóc trẻ em,育儿助理
مساعد الحياة الاجتماعية المتخصص في الصحة,স্বাস্থ্যে বিশেষায়িত সামাজিক জীবন সহকারী,Social Life Assistant Specialized in Health,Asistente de Vida Social Especializado(a) en Salud,Assistante de vie sociale spécialisée en santé,स्वास्थ्य में विशेषज्ञता प्राप्त सामाजिक जीवन सहायक,医療分野専門ソーシャルライフアシスタント,보건 분야 사회생활 보조원,ਸਿਹਤ ਸੰਭਾਲ ਵਿੱਚ ਵਿਸ਼ੇਸ਼ ਸਮਾਜਿਕ ਜੀਵਨ ਸਹਾਇਕ,Assistente Social Especializado(a) em Saúde,Социальный ассистент в сфере здравоохранения,Sağlık Alanında Uzmanlaşmış Sosyal Yaşam Asistanı,Асистент соціального життя (спеціалізація: здоров'я),Trợ lý đời sống xã hội chuyên về y tế,健康领域社工助理
عالم أحياء طبية,মেডিকেল বায়োলজিস্ট,Medical Biologist,Biólogo(a) Médico(a),Biologiste médical,चिकित्सा जीवविज्ञानी,医学生物学者,의생명과학자,ਮੈਡੀਕਲ ਜੀਵ-ਵਿਗਿਆਨੀ,Biólogo(a) Médico(a),Медицинский биолог,Tıbbi Biyolog,Медичний біолог,Nhà sinh học y tế,医学生物学家
إحصائي حيوي,বায়োস্ট্যাটিস্টিিয়ান,Biostatistician,Bioestadista,Biostatisticien,जैव सांख्यिकीविद्,生物統計学者,생물통계학자,ਬਾਇਓਸਟੈਟਿਸਟੀਸ਼ੀਅਨ,Bioestatístico(a),Биостатистик,Biyoistatistik Uzmanı,Біостатистик,Nhà thống kê sinh học,生物统计学家
حامل نقالة,স্ট্রেচার বাহক,Stretcher Bearer,Camillero(a),Brancardier,स्ट्रेचर वाहक,担架搬送担当,환자 이송요원,ਸਟਰੈਚਰ ਚੁੱਕਣ ਵਾਲਾ,Maqueiro(a),Санитар-носильщик,Sedye Taşıyıcısı,Санітар-носильник,Người khiêng cáng,担架员
المدير التنفيذي للصحة,স্বাস্থ্য নির্বাহী,Health Executive,Ejecutivo(a) de Salud,Responsable de la santé,स्वास्थ्य कार्यकारी,保健医療エグゼクティブ,보건의료 임원,ਸਿਹਤ ਕਾਰਜਕਾਰੀ,Executivo(a) de Saúde,Руководитель в сфере здравоохранения,Sağlık Yöneticisi,Керівник у сфері охорони здоров'я,Cán bộ điều hành y tế,医疗健康总监
طبيب القلب,কার্ডিওলজিস্ট,Cardiologist,Cardiólogo(a),Cardiologue,हृदय रोग विशेषज्ञ,心臓専門医,심장내과 전문의,ਦਿਲ ਦੇ ਰੋਗਾਂ ਦਾ ਮਾਹਿਰ,Cardiologista,Кардиолог,Kardiyoloji Uzmanı,Кардіолог,Bác sĩ tim mạch,心脏病学专家
مدير الحالة,কেস ম্যানেজার,Case Manager,Gestor(a) de Casos,Gestionnaire de cas,मामला प्रबंधक,ケースマネージャー,케이스 매니저,ਕੇਸ ਮੈਨੇਜਰ,Gerente de Casos,Кейс-менеджер,Vaka Yöneticisi,Кейс-менеджер,Quản lý hồ sơ bệnh án,个案经理
شامان,শামান,Shaman,Chamán,Chaman,जादूगर,シャーマン,샤먼,ਸ਼ਮਨ,Xamã,Шаман,Şaman,Шаман,Thầy lang,萨满
مدير النقل الصحي عن بعد,স্বাস্থ্য দূরবর্তী ট্রান্সমিশন ম্যানেজার,Health Remote Transmission Manager,Gestor(a) de Teletransmisión de Salud,Gestionnaire de transmission à distance de santé,स्वास्थ्य रिमोट ट्रांसमिशन प्रबंधक,医療遠隔送信マネージャー,의료 원격전송 관리자,ਸਿਹਤ ਰਿਮੋਟ ਟ੍ਰਾਂਸਮਿਸ਼ਨ ਮੈਨੇਜਰ,Gerente de Transmissão Remota de Saúde,Менеджер по удалённой передаче данных,Sağlık Verileri Uzaktan İletim Yöneticisi,Менеджер з дистанційної передачі медичних даних,Quản lý truyền dữ liệu y tế từ xa,健康数据远程传输经理
مدير تسوية بنك الصحة,স্বাস্থ্য ব্যাংক পুনর্মিলন ম্যানেজার,Health Bank Reconciliation Manager,Gestor(a) de Conciliación Bancaria de Salud,Responsable du rapprochement bancaire de la santé,स्वास्थ्य बैंक समाधान प्रबंधक,医療銀行照合マネージャー,의료계좌 조정 관리자,ਸਿਹਤ ਬੈਂਕ ਸੁਲ੍ਹਾ ਮੈਨੇਜਰ,Gerente de Conciliação Bancária de Saúde,Менеджер по сверке счетов,Sağlık Banka Mutabakat Yöneticisi,Менеджер з банківських звірок у сфері охорони здоров'я,Quản lý đối soát ngân hàng y tế,医疗款项对账经理
سائق طبي,মেডিকেল ড্রাইভার,Medical Driver,Conductor(a) Sanitario(a),Conducteur médical,मेडिकल ड्राइवर,医療ドライバー,의료 운송기사,ਮੈਡੀਕਲ ਡਰਾਈਵਰ,Motorista de Veículos Médicos,Водитель медицинского транспорта,Tıbbi Araç Sürücüsü,Медичний водій,Tài xế xe y tế,医务司机
رئيس الطهاة في المستشفى,হাসপাতালের প্রধান শেফ,Hospital Head Chef,Jefe(a) de Cocina de Hospital,Chef cuisinier de l'hôpital,अस्पताल का मुख्य रसोइया,病院料理長,병원 조리장,ਹਸਪਤਾਲ ਦਾ ਮੁੱਖ ਸ਼ੈੱਫ,Chefe de Cozinha Hospitalar,Шеф-повар больницы,Hastane Baş Aşçısı,Шеф-кухар лікарні,Bếp trưởng bệnh viện,医院厨师长
رئيس القسم,বিভাগীয় প্রধান,Department Head,Jefe(a) de Departamento,Chef de département,विभाग के प्रमुख,部門長,부서장,ਵਿਭਾਗ ਦਾ ਮੁਖੀ,Chefe de Departamento,Начальник отдела,Bölüm Başkanı,Керівник відділу,Trưởng khoa,科室主任
باحث في الصحة العامة,জনস্বাস্থ্য গবেষক,Public Health Researcher,Investigador(a) en Salud Pública,Chercheur en santé publique,सार्वजनिक स्वास्थ्य शोधकर्ता,公衆衛生研究者,공중보건 연구원,ਜਨਤਕ ਸਿਹਤ ਖੋਜਕਰਤਾ,Pesquisador(a) em Saúde Pública,Исследователь в области общественного здравоохранения,Halk Sağlığı Araştırmacısı,Науковий співробітник у галузі громадського здоров'я,Nhà nghiên cứu y tế công cộng,公共卫生研究员
أخصائي تقويم العمود الفقري,চিরোপ্রাক্টর,Chiropractor,Quiropráctico(a),Chiropracteur,हाड वैद्य,カイロプラクター,카이로프랙터,ਕਾਇਰੋਪ੍ਰੈਕਟਰ,Quiroprático(a),Хиропрактик,Kayropraktik Uzmanı,Хіропрактик,Bác sĩ nắn khớp cột sống,脊骨神经科医生
جراح القلب,কার্ডিয়াক সার্জন,Cardiac Surgeon,Cirujano(a) Cardíaco(a),Chirurgien cardiaque,हृदय शल्य चिकित्सक,心臓外科医,심장외과 의사,ਦਿਲ ਦਾ ਸਰਜਨ,Cirurgião(ã) Cardíaco(a),Кардиохирург,Kalp Cerrahı,Кардіохірург,Bác sĩ phẫu thuật tim,心脏外科医生
جراح القلب والأوعية الدموية,কার্ডিওভাসকুলার সার্জন,Cardiovascular Surgeon,Cirujano(a) Cardiovascular,Chirurgien cardiovasculaire,हृदय शल्य चिकित्सक,心臓血管外科医,심혈관외과 의사,ਦਿਲ ਅਤੇ ਨਾੜੀਆਂ ਦਾ ਸਰਜਨ,Cirurgião(ã) Cardiovascular,Сердечно-сосудистый хирург,Kalp ve Damar Cerrahı,Серцево-судинний хірург,Bác sĩ phẫu thuật tim mạch,心血管外科医生
جراح القولون والمستقيم,কোলোরেক্টাল সার্জন,Colorectal Surgeon,Cirujano(a) Colorrectal,Chirurgien colorectal,कोलोरेक्टल सर्जन,大腸肛門外科医,대장항문외과 의사,ਕੋਲੋਰੈਕਟਲ ਸਰਜਨ,Cirurgião(ã) Colorretal,Колоректальный хирург,Kolorektal Cerrah,Колоректальний хірург,Bác sĩ phẫu thuật trực tràng,结直肠外科医生
جراح الحرب,যুদ্ধ সার্জন,War Surgeon,Cirujano(a) de Guerra,Chirurgien de guerre,युद्ध सर्जन,戦時外科医,군 외과의사,ਜੰਗੀ ਸਰਜਨ,Cirurgião(ã) de Guerra,Военный хирург,Savaş Cerrahı,Військовий хірург,Bác sĩ phẫu thuật chiến trường,战地外科医生
جراح اليد,হ্যান্ড সার্জন,Hand Surgeon,Cirujano(a) de la Mano,Chirurgien de la main,हाथ सर्जन,手の外科医,수부외과 의사,ਹੱਥ ਦਾ ਸਰਜਨ,Cirurgião(ã) de Mão,Хирург кисти,El Cerrahı,Хірург кисті,Bác sĩ phẫu thuật tay,手外科医生
جراح زراعة الأعضاء,ট্রান্সপ্লান্ট সার্জন,Transplant Surgeon,Cirujano(a) de Trasplantes,Chirurgien transplanteur,ट्रांसप्लांट सर्जन,移植外科医,이식외과 의사,ਟ੍ਰਾਂਸਪਲਾਂਟ ਸਰਜਨ,Cirurgião(ã) de Transplante,Хирург-трансплантолог,Nakil Cerrahı,Хірург-трансплантолог,Bác sĩ phẫu thuật ghép tạng,移植外科医生
جراح الجهاز الهضمي,ডাইজেস্টিভ সার্জন,Digestive Surgeon,Cirujano(a) Digestivo(a),Chirurgien digestif,पाचन सर्जन,消化器外科医,소화기외과 의사,ਪਾਚਨ ਪ੍ਰਣਾਲੀ ਦਾ ਸਰਜਨ,Cirurgião(ã) do Aparelho Digestivo,Абдоминальный хирург,Sindirim Sistemi Cerrahı,Хірург травної системи,Bác sĩ phẫu thuật tiêu hóa,消化道外科医生
جراح القدم,ফুট সার্জন,Foot Surgeon,Cirujano(a) del Pie,Chirurgien du pied,पैर सर्जन,足の外科医,족부외과 의사,ਪੈਰ ਦਾ ਸਰਜਨ,Cirurgião(ã) do Pé,Хирург-подиатр,Ayak Cerrahı,Хірург стопи,Bác sĩ phẫu thuật chân,足踝外科医生
جراح تجميل,কসমেটিক সার্জন,Cosmetic Surgeon,Cirujano(a) Estético(a),Chirurgien esthétique,कॉस्मेटिक सर्जन,美容外科医,성형외과 의사,ਕਾਸਮੈਟਿਕ ਸਰਜਨ,Cirurgião(ã) Estético(a),Косметический хирург,Estetik Cerrah,Косметичний хірург,Bác sĩ phẫu thuật thẩm mỹ,美容外科医生
جراح عام,জেনারেল সার্জন,General Surgeon,Cirujano(a) General,Chirurgien général,जनरल सर्जन,一般外科医,일반외과 의사,ਜਨਰਲ ਸਰਜਨ,Cirurgião(ã) Geral,Хирург общей практики,Genel Cerrah,Загальний хірург,Bác sĩ phẫu thuật tổng quát,普通外科医生
جراح الوجه والفكين,ম্যাক্সিলোফেসিয়াল সার্জন,Maxillofacial Surgeon,Cirujano(a) Maxilofacial,Chirurgien maxillo-facial,मैक्सिलोफेशियल सर्जन,顎顔面外科医,구강악안면외과 의사,ਮੈਕਸੀਲੋਫੇਸ਼ੀਅਲ ਸਰਜਨ,Cirurgião(ã) Bucomaxilofacial,Челюстно-лицевой хирург,Çene Cerrahı,Щелепно-лицевий хірург,Bác sĩ phẫu thuật hàm mặt,口腔颌面外科医生
جراح العيون,চক্ষু সার্জন,Ophthalmic Surgeon,Cirujano(a) Oftalmológico(a),Chirurgien ophtalmologiste,नेत्र शल्य चिकित्सक,眼科外科医,안과수술 의사,ਅੱਖਾਂ ਦਾ ਸਰਜਨ,Cirurgião(ã) Oftalmológico(a),Офтальмохирург,Oftalmik Cerrah,Офтальмохірург,Bác sĩ phẫu thuật mắt,眼外科医生
جراح الفم,ওরাল সার্জন,Oral Surgeon,Cirujano(a) Oral,Chirurgien-dentiste,ओरल सर्जन,口腔外科医,구강외과 의사,ਮੂੰਹ ਦਾ ਸਰਜਨ,Cirurgião(ã) Oral,Челюстно-лицевой хирург,Ağız ve Diş Cerrahı,Хірург-стоматолог,Bác sĩ phẫu thuật miệng,口腔外科医生
جراح عظام الأطفال,পেডিয়াট্রিক অর্থোপেডিক সার্জন,Pediatric Orthopedic Surgeon,Cirujano(a) Ortopédico(a) Pediátrico(a),Chirurgien orthopédiste pédiatrique,बाल चिकित्सा आर्थोपेडिक सर्जन,小児整形外科医,소아정형외과 의사,ਬੱਚਿਆਂ ਦਾ ਹੱਡੀਆਂ ਦਾ ਸਰਜਨ,Cirurgião(ã) Ortopédico(a) Pediátrico(a),Детский ортопед-травматолог,Pediatrik Ortopedi Cerrahı,Дитячий хірург-ортопед,Bác sĩ phẫu thuật chỉnh hình nhi,小儿骨科医生
جراح تجميل (Plastic Surgeon),প্লাস্টিক সার্জন,Plastic Surgeon,Cirujano(a) Plástico(a),Chirurgien plasticien,प्लास्टिक सर्जन,形成外科医,성형외과 의사,ਪਲਾਸਟਿਕ ਸਰਜਨ,Cirurgião(ã) Plástico(a),Пластический хирург,Plastik Cerrah,Пластичний хірург,Bác sĩ phẫu thuật tạo hình,整形外科医生
جراح أطفال,পেডিয়াট্রিক সার্জন,Pediatric Surgeon,Cirujano(a) Pediátrico(a),Chirurgien pédiatrique,बाल शल्य चिकित्सक,小児外科医,소아외과 의사,ਬੱਚਿਆਂ ਦਾ ਸਰਜਨ,Cirurgião(ã) Pediátrico(a),Детский хирург,Çocuk Cerrahı,Дитячий хірург,Bác sĩ phẫu thuật nhi,小儿外科医生
جراح روبوتي,রোবোটিক সার্জন,Robotic Surgeon,Cirujano(a) Robótico(a),Chirurgien robotique,रोबोटिक सर्जन,ロボット手術外科医,로봇수술 외과 의사,ਰੋਬੋਟਿਕ ਸਰਜਨ,Cirurgião(ã) Robótico(a),Роботизированный хирург,Robotik Cerrah,Роботизований хірург,Bác sĩ phẫu thuật robot,机器人手术医生
جراح الصدر,থোরাসিক সার্জন,Thoracic Surgeon,Cirujano(a) Torácico(a),Chirurgien thoracique,थोरेसिक सर्जन,胸部外科医,흉부외과 의사,ਛਾਤੀ ਦਾ ਸਰਜਨ,Cirurgião(ã) Torácico(a),Торакальный хирург,Göğüs Cerrahı,Торакальний хірург,Bác sĩ phẫu thuật lồng ngực,胸外科医生
جراح الأوعية الدموية,ভাস্কুলার সার্জন,Vascular Surgeon,Cirujano(a) Vascular,Chirurgien vasculaire,वस्कुलर सर्जन,血管外科医,혈관외과 의사,ਨਾੜੀ ਦਾ ਸਰਜਨ,Cirurgião(ã) Vascular,Сосудистый хирург,Damar Cerrahı,Судинний хірург,Bác sĩ phẫu thuật mạch máu,血管外科医生
طبيب أسنان وجراح,ডেন্টিস্ট-সার্জন,Dentist-Surgeon,Dentista-Cirujano(a),Chirurgien-dentiste,दंत चिकित्सक-सर्जन,歯科口腔外科医,구강악안면외과 의사,ਦੰਦਾਂ ਦਾ ਸਰਜਨ,Cirurgião(ã)-Dentista,Стоматолог-хирург,Diş Hekimi-Cerrah,Хірург-стоматолог,Bác sĩ nha khoa - phẫu thuật,口腔外科牙医
مدرب الصحة العقلية,মানসিক স্বাস্থ্য কোচ,Mental Health Coach,Coach de Salud Mental,Coach en santé mentale,मानसिक स्वास्थ्य कोच,メンタルヘルスコーチ,정신건강 코치,ਮਾਨਸਿਕ ਸਿਹਤ ਕੋਚ,Coach de Saúde Mental,Коуч по психическому здоровью,Ruh Sağlığı Koçu,Тренер з психічного здоров'я,Huấn luyện viên sức khỏe tâm thần,心理健康教练
سائق سيارة إسعاف,অ্যাম্বুলেন্স চালক,Ambulance Driver,Conductor(a) de Ambulancia,Conducteur d'ambulance,एम्बुलेंस चालक,救急車運転手,구급차 운전기사,ਐਂਬੂਲੈਂਸ ਡਰਾਈਵਰ,Motorista de Ambulância,Водитель скорой помощи,Ambulans Şoförü,Водій швидкої допомоги,Tài xế xe cứu thương,救护车司机
مستشار وراثي,জেনেটিক কাউন্সেলর,Genetic Counselor,Consejero(a) Genético(a),Conseiller en génétique,जेनेटिक काउंसलर,遺伝カウンセラー,유전 상담사,ਜੈਨੇਟਿਕ ਸਲਾਹਕਾਰ,Conselheiro(a) Genético(a),Генетический консультант,Genetik Danışman,Генетичний консультант,Tư vấn di truyền,遗传咨询师
مستشار التغذية,পুষ্টি কাউন্সেলর,Nutrition Counselor,Consejero(a) Nutricional,Conseiller en nutrition,पोषण परामर्शदाता,栄養カウンセラー,영양 상담사,ਪੋਸ਼ਣ ਸਲਾਹਕਾਰ,Conselheiro(a) Nutricional,Консультант по питанию,Beslenme Danışmanı,Консультант з харчування,Tư vấn dinh dưỡng,营养咨询师
مستشار الصحة العقلية,মানসিক স্বাস্থ্য কাউন্সেলর,Mental Health Counselor,Consejero(a) de Salud Mental,Conseiller en santé mentale,मानसिक स्वास्थ्य परामर्शदाता,メンタルヘルスカウンセラー,정신건강 상담사,ਮਾਨਸਿਕ ਸਿਹਤ ਸਲਾਹਕਾਰ,Conselheiro(a) de Saúde Mental,Консультант по психическому здоровью,Ruh Sağlığı Danışmanı,Консультант з психічного здоров'я,Tư vấn sức khỏe tâm thần,心理健康咨询师
مستشار منظمة الرعاية,কেয়ার অর্গানাইজেশন কনসালটেন্ট,Care Organization Consultant,Consultor(a) en Organización de la Atención,Consultant en organisation de soins,देखभाल संगठन सलाहकार,ケア組織コンサルタント,의료서비스 조직 컨설턴트,ਦੇਖਭਾਲ ਸੰਗਠਨ ਸਲਾਹਕਾਰ,Consultor(a) de Organização de Cuidados,Консультант по организации ухода,Bakım Organizasyonu Danışmanı,Консультант з організації догляду,Tư vấn tổ chức chăm sóc,护理组织顾问
مراقب إدارة المستشفى,হাসপাতাল ব্যবস্থাপনা নিয়ন্ত্রক,Hospital Management Controller,Controlador(a) de Gestión Hospitalaria,Contrôleur de gestion hospitalier,अस्पताल प्रबंधन नियंत्रक,病院経営コントローラー,병원 경영 관리자,ਹਸਪਤਾਲ ਪ੍ਰਬੰਧਨ ਕੰਟਰੋਲਰ,Controlador(a) de Gestão Hospitalar,Контролёр больничного управления,Hastane Yönetim Denetçisi,Контролер з управління лікарнею,Kiểm soát viên quản lý bệnh viện,医院管理总监
منسق زراعة الأعضاء,ট্রান্সপ্লান্ট সমন্বয়কারী,Transplant Coordinator,Coordinador(a) de Trasplantes,Coordonnateur de transplantation,प्रत्यारोपण समन्वयक,移植コーディネーター,장기이식 코디네이터,ਟ੍ਰਾਂਸਪਲਾਂਟ ਤਾਲਮੇਲਕ,Coordenador(a) de Transplante,Координатор по трансплантации,Nakil Koordinatörü,Координатор з трансплантації,Điều phối viên cấy ghép,移植协调员
منسق الشؤون الإدارية الصحية,স্বাস্থ্য প্রশাসনিক সমন্বয়কারী,Health Administrative Coordinator,Coordinador(a) Administrativo(a) de Salud,Coordonnateur administratif de la santé,स्वास्थ्य प्रशासनिक समन्वयक,医療事務コーディネーター,보건행정 코디네이터,ਸਿਹਤ ਪ੍ਰਸ਼ਾਸਨਿਕ ਤਾਲਮੇਲਕ,Coordenador(a) Administrativo(a) de Saúde,Административный координатор в здравоохранении,Sağlık İdari Koordinatörü,Адміністративний координатор у сфері охорони здоров'я,Điều phối viên hành chính y tế,卫生行政协调员
منسق التغطية التأمينية المتبادلة,মিউচুয়াল ইন্স্যুরেন্স কভারেজের জন্য সমন্বয়কারী,Coordinator for Mutual Insurance Coverage,Coordinador(a) de Cobertura de Seguros Mutuos,Coordonnateur de la couverture mutuelle d'assurance,पारस्परिक बीमा कवरेज के लिए समन्वयक,共済保険適用コーディネーター,공제조합 보험 코디네이터,ਆਪਸੀ ਬੀਮਾ ਕਵਰੇਜ ਲਈ ਤਾਲਮੇਲਕ,Coordenador(a) de Cobertura de Seguros Mútuos,Координатор по вопросам взаимного страхования,Karşılıklı Sigorta Kapsam Koordinatörü,Координатор із взаємного страхування,Điều phối viên bảo hiểm y tế,互助保险协调员
منسق التجارب السريرية,ক্লিনিকাল ট্রায়াল সমন্বয়কারী,Clinical Trials Coordinator,Coordinador(a) de Ensayos Clínicos,Coordonnateur des essais cliniques,क्लिनिकल परीक्षण समन्वयक,臨床試験コーディネーター,임상시험 코디네이터,ਕਲੀਨਿਕਲ ਟਰਾਇਲ ਤਾਲਮੇਲਕ,Coordenador(a) de Ensaios Clínicos,Координатор клинических исследований,Klinik Araştırmalar Koordinatörü,Координатор клінічних досліджень,Điều phối viên thử nghiệm lâm sàng,临床试验协调员
منسق المؤسسة الصحية,স্বাস্থ্য প্রতিষ্ঠান সমন্বয়কারী,Health Institution Coordinator,Coordinador(a) de Instituciones de Salud,Coordonnateur d'établissement de santé,स्वास्थ्य संस्थान समन्वयक,医療機関コーディネーター,의료기관 코디네이터,ਸਿਹਤ ਸੰਸਥਾ ਤਾਲਮੇਲਕ,Coordenador(a) de Instituição de Saúde,Координатор медицинского учреждения,Sağlık Kurumu Koordinatörü,Координатор закладу охорони здоров'я,Điều phối viên cơ sở y tế,医疗机构协调员
منسق مسار الرعاية,কেয়ার পাথওয়ে সমন্বয়কারী,Care Pathway Coordinator,Coordinador(a) de Rutas Asistenciales,Coordonnateur du parcours de soins,केयर पाथवे समन्वयक,ケアパスコーディネーター,진료 경로 코디네이터,ਦੇਖਭਾਲ ਮਾਰਗ ਤਾਲਮੇਲਕ,Coordenador(a) de Linhas de Cuidado,Координатор лечебного процесса,Bakım Yolu Koordinatörü,Координатор маршруту пацієнта,Điều phối viên lộ trình chăm sóc,护理路径协调员
منسق الخروج,ডিসচার্জ সমন্বয়কারী,Discharge Coordinator,Coordinador(a) de Altas,Coordonnateur des sorties,डिस्चार्ज समन्वयक,退院コーディネーター,퇴원 코디네이터,ਡਿਸਚਾਰਜ ਤਾਲਮੇਲਕ,Coordenador(a) de Alta Hospitalar,Координатор по выписке пациентов,Taburcu Koordinatörü,Координатор з виписки,Điều phối viên xuất viện,出院协调员
منسق طبي اجتماعي,চিকিৎসা-সামাজিক সমন্বয়কারী,Medical-Social Coordinator,Coordinador(a) Médico-Social,Coordonnatrice médico-sociale,चिकित्सा-सामाजिक समन्वयक,医療・福祉コーディネーター,의료사회사업 코디네이터,ਮੈਡੀਕਲ-ਸਮਾਜਿਕ ਤਾਲਮੇਲਕ,Coordenador(a) Médico-Social,Медико-социальный координатор,Tıbbi-Sosyal Koordinatör,Медико-соціальний координатор,Điều phối viên y tế - xã hội,医务社工协调员
منسق الطب عن بعد,টেলিমেডিসিন সমন্বয়কারী,Telemedicine Coordinator,Coordinador(a) de Telemedicina,Coordonnateur de télémédecine,टेलीमेडिसिन समन्वयक,遠隔医療コーディネーター,원격의료 코디네이터,ਟੈਲੀਮੈਡੀਸਨ ਤਾਲਮੇਲਕ,Coordenador(a) de Telemedicina,Координатор по телемедицине,Teletıp Koordinatörü,Координатор з телемедицини,Điều phối viên y tế từ xa,远程医疗协调员
منسق الطوارئ الطبية,জরুরী চিকিৎসা সমন্বয়কারী,Emergency Medical Coordinator,Coordinador(a) Médico(a) de Emergencias,Coordonnateur médical d'urgence,आपातकालीन चिकित्सा समन्वयक,救急医療コーディネーター,응급의료 코디네이터,ਐਮਰਜੈਂਸੀ ਮੈਡੀਕਲ ਤਾਲਮੇਲਕ,Coordenador(a) Médico(a) de Emergência,Координатор скорой медицинской помощи,Acil Tıp Koordinatörü,Координатор екстреної медичної допомоги,Điều phối viên cấp cứu y tế,急救医疗协调员
فني الخلايا,সাইটোটেকনিশিয়ান,Cytotechnician,Citotécnico(a),Cytotechnicien,साइटोटेक्नीशियन,細胞検査士,세포병리사,ਸਾਇਟੋਟੈਕਨੀਸ਼ੀਅਨ,Citotécnico(a),Цитотехник,Sitoteknisyen,Цитотехнік,Kỹ thuật viên tế bào học,细胞技术员
محلل بيانات صحية,স্বাস্থ্য তথ্য বিশ্লেষক,Health Data Analyst,Analista de Datos de Salud,Analyste de données de santé,स्वास्थ्य डेटा विश्लेषक,医療データアナリスト,보건의료 데이터 분석가,ਸਿਹਤ ਡਾਟਾ ਵਿਸ਼ਲੇਸ਼ਕ,Analista de Dados de Saúde,Аналитик медицинских данных,Sağlık Veri Analisti,Аналітик медичних даних,Chuyên viên phân tích dữ liệu y tế,健康数据分析师
طبيب أسنان,ডেন্টিস্ট,Dentist,Dentista,Dentiste,दाँतों का डॉक्टर,歯科医師,치과의사,ਦੰਦਾਂ ਦਾ ਡਾਕਟਰ,Dentista,Стоматолог,Diş Hekimi,Стоматолог,Bác sĩ nha khoa,牙科医生
طبيب أسنان الأطفال,পেডিয়াট্রিক ডেন্টিস্ট,Pediatric Dentist,Odontopediatra,Dentiste pédiatrique,बाल दंत चिकित्सक,小児歯科医,소아치과 의사,ਬੱਚਿਆਂ ਦਾ ਦੰਦਾਂ ਦਾ ਡਾਕਟਰ,Odontopediatra,Детский стоматолог,Pedodontist (Çocuk Diş Hekimi),Дитячий стоматолог,Bác sĩ nha khoa nhi,儿童牙科医生
أخصائي صناعة الأسنان,ডেন্টুরোলজিস্ট,Denturologist,Denturologista,Denturologiste,दंत रोग विशेषज्ञ,歯科技工士,치과기공사,ਡੈਂਚਰ ਮਾਹਿਰ,Denturologista,Стоматолог-ортопед,Diş Protez Uzmanı,Зубний технік-протезист (Дентуролог),Chuyên viên làm răng giả,义齿技师
أخصائي أمراض جلدية,ডার্মাটোপ্যাথোলজিস্ট,Dermatopathologist,Dermatopatólogo(a),Dermatopathologiste,त्वचा रोग विशेषज्ञ,皮膚病理専門医,피부병리 전문의,ਚਮੜੀ ਰੋਗ ਪੈਥੋਲੋਜਿਸਟ,Dermatopatologista,Дерматопатолог,Dermatopatolog,Дерматопатолог,Bác sĩ chuyên da liễu bệnh lý,皮肤病理学家
طبيب أمراض جلدية,ডার্মাটোলজিস্ট,Dermatologist,Dermatólogo(a),Dermatologue,त्वचा विशेषज्ञ,皮膚科医,피부과 전문의,ਚਮੜੀ ਦਾ ਮਾਹਿਰ,Dermatologista,Дерматолог,Dermatolog,Дерматолог,Bác sĩ da liễu,皮肤科医生
طبيب السكري,ডায়াবেটোলজিস্ট,Diabetologist,Diabetólogo(a),Diabétologue,मधुमेह चिकित्सक,糖尿病専門医,당뇨병 전문의,ਸ਼ੂਗਰ ਰੋਗ ਦਾ ਮਾਹਿਰ,Diabetologista,Диабетолог,Diyabetolog,Діабетолог,Bác sĩ chuyên tiểu đường,糖尿病专科医生
المدير الإداري والمالي,প্রশাসনিক ও আর্থিক পরিচালক,Administrative and Financial Director,Director(a) Administrativo(a) y Financiero(a),Directeur administratif et financier,प्रशासनिक एवं वित्तीय निदेशक,管理・財務部長,행정재무이사,ਪ੍ਰਸ਼ਾਸਨਿਕ ਅਤੇ ਵਿੱਤੀ ਨਿਰਦੇਸ਼ਕ,Diretor(a) Administrativo(a) e Financeiro(a),Административно-финансовый директор,İdari ve Mali İşler Müdürü,Адміністративний та фінансовий директор,Giám đốc hành chính và tài chính,行政财务总监
مدير دار التمريض,নার্সিং হোম ডিরেক্টর,Nursing Home Director,Director(a) de Residencia de Ancianos,Directeur de maison de retraite,नर्सिंग होम निदेशक,老人ホーム施設長,요양원 원장,ਨਰਸਿੰਗ ਹੋਮ ਦਾ ਨਿਰਦੇਸ਼ਕ,Diretor(a) de Casa de Repouso,Директор дома престарелых,Huzurevi Müdürü,Директор будинку для людей похилого віку,Giám đốc viện dưỡng lão,养老院院长
مدير المستشفى,হাসপাতাল পরিচালক,Hospital Director,Director(a) de Hospital,Directeur de l'hôpital,अस्पताल निदेशक,病院長,병원장,ਹਸਪਤਾਲ ਦਾ ਨਿਰਦੇਸ਼ਕ,Diretor(a) de Hospital,Директор больницы,Hastane Müdürü,Директор лікарні,Giám đốc bệnh viện,医院院长
مدير العيادة,ক্লিনিক পরিচালক,Clinic Director,Director(a) de Clínica,Directeur de la clinique,क्लिनिक निदेशक,クリニック院長,의원 원장,ਕਲੀਨਿਕ ਦਾ ਨਿਰਦੇਸ਼ਕ,Diretor(a) de Clínica,Директор клиники,Klinik Direktörü,Директор клініки,Giám đốc phòng khám,诊所主任
مدير التمريض,নার্সিং পরিচালক,Director of Nursing,Director(a) de Enfermería,Directrice des soins infirmiers,नर्सिंग निदेशक,看護部長,간호부장,ਨਰਸਿੰਗ ਦਾ ਨਿਰਦੇਸ਼ਕ,Diretor(a) de Enfermagem,Главная медсестра,Hemşirelik Hizmetleri Müdürü,Директор з медсестринства,Giám đốc điều dưỡng,护理部主任
المدير الطبي,মেডিকেল ডিরেক্টর,Medical Director,Director(a) Médico(a),Directeur médical,चिकित्सा निदेशक,医長,진료부장,ਮੈਡੀਕਲ ਨਿਰਦੇਸ਼ਕ,Diretor(a) Médico(a),Медицинский директор,Tıbbi Direktör,Медичний директор,Giám đốc y khoa,医务总监
مدير الجودة,কোয়ালিটি ডিরেক্টর,Quality Director,Director(a) de Calidad,Directeur de la qualité,गुणवत्ता निदेशक,品質管理部長,품질 관리자,ਗੁਣਵੱਤਾ ਨਿਰਦੇਸ਼ਕ,Diretor(a) de Qualidade,Директор по качеству,Kalite Direktörü,Директор з якості,Giám đốc chất lượng,质量总监
موزع طب المجتمع,কমিউনিটি মেডিসিন ডিস্ট্রিবিউটর,Community Medicine Distributor,Distribuidor(a) de Medicina Comunitaria,Distributeur de médicaments communautaires,सामुदायिक चिकित्सा वितरक,地域医療ディストリビューター,지역사회 의약품 유통 담당자,ਕਮਿਊਨਿਟੀ ਦਵਾਈ ਵਿਤਰਕ,Distribuidor(a) de Medicamentos Comunitários,Дистрибьютор лекарственных средств,Toplum Eczacılığı Distribütörü,Дистриб'ютор ліків для громади,Người phân phối thuốc y học cộng đồng,社区药品分销员
أخصائية تغذية,ডায়েটিশিয়ান,Dietitian,Dietista,Diététicien,आहार विशेषज्ञ,栄養士,영양사,ਖੁਰਾਕ ਮਾਹਿਰ,Dietista,Диетолог,Diyetisyen,Дієтолог,Chuyên gia dinh dưỡng,营养师
أخصائية تغذية رياضية,স্পোর্টস ডায়েটিশিয়ান,Sports Dietitian,Dietista Deportivo(a),Diététicienne sportive,खेल आहार विशेषज्ञ,スポーツ栄養士,스포츠 영양사,ਖੇਡ ਖੁਰਾਕ ਮਾਹਿਰ,Nutricionista Esportivo(a),Спортивный диетолог,Spor Diyetisyeni,Спортивний дієтолог,Chuyên gia dinh dưỡng thể thao,运动营养师
الدولا,ডুলা,Doula,Doula,Doula,दाई,ドゥーラ,둘라,ਡੂਲਾ,Doula,Доула,Doula,Доула,Người đỡ đẻ không chuyên,导乐
معالج بالدراما,ড্রামা থেরাপিস্ট,Drama Therapist,Dramaterapeuta,Thérapeute par le théâtre,ड्रामा थेरेपिस्ट,ドラマセラピスト,드라마 치료사,ਡਰਾਮਾ ਥੈਰੇਪਿਸਟ,Dramaterapeuta,Драматерапевт,Drama Terapisti,Драма-терапевт,Nhà trị liệu kịch nghệ,戏剧治疗师
مطور الصحة الإلكترونية,ই-হেলথ ডেভেলপার,E-Health Developer,Desarrollador(a) de E-Salud,Développeur e-santé,ई-स्वास्थ्य डेवलपर,eヘルス開発者,e-헬스 개발자,ਈ-ਸਿਹਤ ਵਿਕਾਸਕਾਰ,Desenvolvedor(a) de e-Saúde,Разработчик в сфере e-Health,E-Sağlık Geliştiricisi,Розробник у сфері e-Health,Lập trình viên y tế điện tử,电子健康开发工程师
طبيب الغدد الصماء,এন্ডোক্রিনোলজিস্ট,Endocrinologist,Endocrinólogo(a),Endocrinologue,एंडोक्राइनोलॉजिस्ट,内分泌専門医,내분비내과 전문의,ਐਂਡੋਕਰੀਨੋਲੋਜਿਸਟ,Endocrinologista,Эндокринолог,Endokrinoloji Uzmanı,Ендокринолог,Bác sĩ nội tiết,内分泌科医生
أخصائي علاج لب الأسنان,এন্ডোডন্টিস্ট,Endodontist,Endodoncista,Endodontiste,एंडोडोंटिस्ट,歯内療法専門医,치과보존과 전문의,ਐਂਡੋਡੌਨਟਿਸਟ,Endodontista,Эндодонтист,Endodonti Uzmanı,Ендодонтист,Bác sĩ nội nha chữa tủy răng,牙髓病医生
طبيب حشرات شرعي,ফরেনসিক কীটতত্ত্ববিদ,Forensic Entomologist,Entomólogo(a) Forense,Entomologiste judiciaire,फोरेंसिक कीट विज्ञानी,法昆虫学者,법의곤충학자,ਫੋਰੈਂਸਿਕ ਕੀਟ-ਵਿਗਿਆਨੀ,Entomologista Forense,Судебный энтомолог,Adli Entomolog,Судовий ентомолог,Nhà côn trùng học pháp y,法医昆虫学家
معالج مهني,অকুপেশনাল থেরাপিস্ট,Occupational Therapist,Terapeuta Ocupacional,Ergothérapeute,व्यावसायिक चिकित्सक,作業療法士,작업치료사,ਆਕੂਪੇਸ਼ਨਲ ਥੈਰੇਪਿਸਟ,Terapeuta Ocupacional,Эрготерапевт / Трудотерапевт,Ergoterapist,Ерготерапевт,Chuyên viên trị liệu nghề nghiệp,作业治疗师
ممرضة خاصة,প্রাইভেট নার্স,Private Nurse,Enfermero(a) Particular,Infirmière privée,निजी नर्स,プライベートナース,개인 간호사,ਨਿੱਜੀ ਨਰਸ,Enfermeiro(a) Particular,Частная медсестра,Özel Hemşire,Приватна медсестра,Y tá tư nhân,私人护士
طبيب الجهاز الهضمي,গ্যাস্ট্রোএন্টেরোলজিস্ট,Gastroenterologist,Gastroenterólogo(a),Gastro-entérologue,जठरांत्र चिकित्सक,消化器専門医,소화기내과 전문의,ਗੈਸਟਰੋਐਂਟਰੌਲੋਜਿਸਟ,Gastroenterologista,Гастроэнтеролог,Gastroenteroloji Uzmanı,Гастроентеролог,Bác sĩ tiêu hóa,消化内科医生
مدير إدارة المستشفى,হাসপাতাল প্রশাসনিক ব্যবস্থাপক,Hospital Administrative Manager,Gerente Administrativo(a) de Hospital,Responsable administratif de l'hôpital,अस्पताल प्रशासनिक प्रबंधक,病院管理マネージャー,병원 행정 관리자,ਹਸਪਤਾਲ ਦਾ ਪ੍ਰਬੰਧਕੀ ਮੈਨੇਜਰ,Gerente Administrativo(a) Hospitalar,Административный менеджер больницы,Hastane İdari Müdürü,Адміністративний менеджер лікарні,Quản lý hành chính bệnh viện,医院行政经理
مدير المواعيد,অ্যাপয়েন্টমেন্ট ম্যানেজার,Appointment Manager,Gerente de Citas,Gestionnaire de rendez-vous,नियुक्ति प्रबंधक,予約マネージャー,예약 관리자,ਮੁਲਾਕਾਤ ਮੈਨੇਜਰ,Gerente de Agendamentos,Менеджер по записи на приём,Randevu Yöneticisi,Менеджер із запису на прийом,Quản lý lịch hẹn khám,预约经理
مدير سجلات المرضى,রোগীর রেকর্ড ম্যানেজার,Patient Records Manager,Gerente de Expedientes de Pacientes,Gestionnaire des dossiers patients,रोगी रिकॉर्ड प्रबंधक,患者記録マネージャー,환자기록 관리자,ਮਰੀਜ਼ ਰਿਕਾਰਡ ਮੈਨੇਜਰ,Gerente de Prontuários de Pacientes,Менеджер по работе с картами пациентов,Hasta Kayıtları Yöneticisi,Менеджер медичних карт пацієнтів,Quản lý hồ sơ bệnh nhân,病历档案经理
مدير الدفع الزائد والدفع الناقص,ওভারপেমেন্ট এবং আন্ডারপেমেন্ট ম্যানেজার,Overpayment and Underpayment Manager,Gerente de Pagos Excesivos e Insuficientes,Gestionnaire des trop-payés et des sous-payés,अधिक भुगतान और कम भुगतान प्रबंधक,過払い・未払い管理マネージャー,과소납·과오납 관리자,ਵੱਧ-ਭੁਗਤਾਨ ਅਤੇ ਘੱਟ-ਭੁਗਤਾਨ ਮੈਨੇਜਰ,Gerente de Pagamentos a Maior e a Menor,Менеджер по переплатам и недоплатам,Fazla ve Eksik Ödeme Yöneticisi,Менеджер з переплат та недоплат,Quản lý khoản chi trả thừa và thiếu,支付款项核对经理
مدير السداد,প্রতিদান ব্যবস্থাপক,Reimbursement Manager,Gerente de Reembolsos,Responsable des remboursements,प्रतिपूर्ति प्रबंधक,払い戻しマネージャー,환급 관리자,ਮੁਆਵਜ਼ਾ ਮੈਨੇਜਰ,Gerente de Reembolsos,Менеджер по возмещению расходов,Geri Ödeme Yöneticisi,Менеджер з відшкодувань,Quản lý hoàn trả chi phí,报销经理
مدير الدفع التابع لجهة خارجية,তৃতীয় পক্ষের পেমেন্ট ম্যানেজার,Third-Party Payment Manager,Gerente de Pagos a Terceros,Gestionnaire de paiement tiers,तृतीय-पक्ष भुगतान प्रबंधक,第三者支払マネージャー,제3자 지불 관리자,ਤੀਜੀ-ਧਿਰ ਭੁਗਤਾਨ ਮੈਨੇਜਰ,Gerente de Pagamentos a Terceiros,Менеджер по платежам третьим лицам,Üçüncü Taraf Ödeme Yöneticisi,Менеджер зі сторонніх платежів,Quản lý thanh toán bên thứ ba,第三方支付经理
مدير مخزون الصيدلية,ফার্মেসি স্টক ম্যানেজার,Pharmacy Stock Manager,Gerente de Stock de Farmacia,Gestionnaire de stock de pharmacie,फार्मेसी स्टॉक मैनेजर,薬局在庫マネージャー,약국 재고 관리자,ਫਾਰਮੇਸੀ ਸਟਾਕ ਮੈਨੇਜਰ,Gerente de Estoque Farmacêutico,Менеджер аптечного склада,Eczane Stok Yöneticisi,Менеджер аптечного складу,Quản lý kho thuốc,药房库存经理
المعالج التقليدي,ঐতিহ্যবাহী নিরাময়কারী,Traditional Healer,Curandero(a) Tradicional,Guérisseur traditionnel,पारंपरिक चिकित्सक,伝統療法士,전통 치료사,ਰਵਾਇਤੀ ਇਲਾਜ ਕਰਨ ਵਾਲਾ,Curandeiro(a) Tradicional,Народный целитель,Geleneksel Şifacı,Народний цілитель,Lương y truyền thống,传统治疗师
طبيب نسائي,গাইনোকোলজিস্ট,Gynecologist,Ginecólogo(a),Gynécologue,प्रसूतिशास्री,婦人科医,산부인과 의사,ਗਾਇਨੀਕੋਲੋਜਿਸਟ,Ginecologista,Гинеколог,Jinekolog,Гінеколог,Bác sĩ phụ khoa,妇科医生
أخصائي علم الوراثة الطبية,মেডিকেল জেনেটিক্সিস্ট,Medical Geneticist,Genetista Médico(a),Généticien médical,चिकित्सा आनुवंशिकीविद्,臨床遺伝専門医,의학유전학 전문가,ਮੈਡੀਕਲ ਜੈਨੇਟਿਕਸ ਮਾਹਿਰ,Geneticista Médico(a),Врач-генетик,Tıbbi Genetik Uzmanı,Медичний генетик,Bác sĩ di truyền y học,医学遗传学家
طبيب أمراض الشيخوخة,জেরিয়াট্রিশিয়ান,Geriatrician,Geriatra,Gériatre,जराचिकित्सक,老年病専門医,노인의학 전문의,ਬਜ਼ੁਰਗਾਂ ਦੇ ਰੋਗਾਂ ਦਾ ਮਾਹਿਰ,Geriatra,Гериатр,Geriatri Uzmanı,Геріатр,Bác sĩ lão khoa,老年病学家
أخصائي أعشاب,হার্বালিস্ট,Herbalist,Herbolario(a),Herboriste,औषधि माहिर,ハーバリスト,약초 전문가,ਜੜੀ-ਬੂਟੀਆਂ ਦਾ ਮਾਹਿਰ,Ervanário(a),Травник / Фитотерапевт,Herbalist (Bitki Uzmanı),Травник (Фітотерапевт),Thầy thuốc thảo dược,草药师
فني الأنسجة,হিস্টোটেকনিশিয়ান,Histotechnician,Histotécnico(a),Histotechnicien,Histotechnician,組織技術者,조직병리 기술자,ਹਿਸਟੋਟੈਕਨੀਸ਼ੀਅਨ,Histotécnico(a),Гистотехник,Histoteknisyen,Гістотехнік,Kỹ thuật viên mô học,组织技术员
المعالج المثلي,হোমিওপ্যাথ,Homeopath,Homeópata,Homéopathe,समाचिकित्सक,ホメオパス,동종요법 치료사,ਹੋਮਿਓਪੈਥ,Homeopata,Гомеопат,Homeopat,Гомеопат,Bác sĩ vi lượng đồng căn,顺势疗法医师
أخصائي صحة الأسنان,ডেন্টাল হাইজিনিস্ট,Dental Hygienist,Higienista Dental,Hygiéniste dentaire,दंत चिकित्सक,歯科衛生士,치과위생사,ਦੰਦਾਂ ਦਾ ਸਫਾਈ ਮਾਹਿਰ,Higienista Dental,Стоматологический гигиенист,Diş Hijyenisti,Стоматологічний гігієніст,Kỹ thuật viên vệ sinh răng miệng,口腔卫生士
أخصائي أمراض الدم,হেমাটোলজিস্ট,Hematologist,Hematólogo(a),Hématologue,रुधिर रोग विशेषज्ञ,血液専門医,혈액종양내과 전문의,ਹੇਮਾਟੋਲੋਜਿਸਟ,Hematologista,Гематолог,Hematoloji Uzmanı,Гематолог,Bác sĩ huyết học,血液科医生
أخصائي أمراض الكبد,হেপাটোলজিস্ট,Hepatologist,Hepatólogo(a),Hépatologue,हेपेटोलॉजिस्ट,肝臓専門医,간 전문의,ਹੈਪੇਟੋਲੋਜਿਸਟ,Hepatologista,Гепатолог,Hepatoloji Uzmanı,Гепатолог,Bác sĩ gan mật,肝病专家
أخصائي المناعة,ইমিউনোলজিস্ট,Immunologist,Inmunólogo(a),Immunologiste,प्रतिरक्षाविज्ञानी,免疫専門医,면역학자,ਇਮਯੂਨੋਲੋਜਿਸਟ,Imunologista,Иммунолог,İmmünoloji Uzmanı,Імунолог,Bác sĩ miễn dịch học,免疫学家
أخصائي زراعة القوقعة,কক্লিয়ার ইমপ্লান্ট বিশেষজ্ঞ,Cochlear Implant Specialist,Especialista en Implantes Cocleares,Spécialiste en implants cochléaires,कोक्लीयर इम्प्लांट विशेषज्ञ,人工内耳スペシャリスト,인공와우 전문가,ਕੋਕਲੀਅਰ ਇਮਪਲਾਂਟ ਮਾਹਿਰ,Especialista em Implante Coclear,Специалист по кохлеарной имплантации,Koklear İmplant Uzmanı,Спеціаліст з кохлеарної імплантації,Chuyên gia cấy ghép ốc tai điện tử,人工耳蜗植入专家
أخصائي زراعة الأسنان,ডেন্টাল ইমপ্লান্ট বিশেষজ্ঞ,Dental Implant Specialist,Especialista en Implantes Dentales,Spécialiste en implants dentaires,दंत प्रत्यारोपण विशेषज्ञ,歯科インプラント専門医,치과 임플란트 전문의,ਡੈਂਟਲ ਇਮਪਲਾਂਟ ਮਾਹਿਰ,Especialista em Implante Dentário,Специалист по дентальной имплантации,Diş İmplantı Uzmanı,Спеціаліст з дентальної імплантації,Chuyên gia cấy ghép nha khoa,牙科种植专家
أخصائي الأمراض المعدية,সংক্রামক রোগ বিশেষজ্ঞ,Infectious Disease Specialist,Especialista en Enfermedades Infecciosas,Spécialiste des maladies infectieuses,संक्रामक रोग विशेषज्ञ,感染症専門医,감염내과 전문의,ਛੂਤ ਦੀਆਂ ਬਿਮਾਰੀਆਂ ਦਾ ਮਾਹਿਰ,Infectologista,Инфекционист,Enfeksiyon Hastalıkları Uzmanı,Інфекціоніст,Bác sĩ bệnh truyền nhiễm,传染病专家
ممرضة تخدير,অ্যানেস্থেটিস্ট নার্স,Anesthetist Nurse,Enfermero(a) Anestesista,Infirmière anesthésiste,एनेस्थेटिस्ट नर्स,麻酔看護師,마취전문간호사,ਬੇਹੋਸ਼ੀ ਵਾਲੀ ਨਰਸ,Enfermeiro(a) Anestesista,Медсестра-анестезист,Anestezi Hemşiresi,Медсестра-анестезист,Y tá gây mê,麻醉护士
ممرضة غرفة العمليات,অপারেটিং রুম নার্স,Operating Room Nurse,Enfermero(a) de Quirófano,Infirmière de salle d'opération,ऑपरेटिंग रूम नर्स,手術室看護師,수술실 간호사,ਆਪ੍ਰੇਸ਼ਨ ਥੀਏਟਰ ਨਰਸ,Enfermeiro(a) de Centro Cirúrgico,Операционная медсестра,Ameliyathane Hemşiresi,Операційна медсестра,Y tá phòng mổ,手术室护士
ممرضة مؤهلة من الدولة,রাষ্ট্র-যোগ্য নার্স,State-Qualified Nurse,Enfermero(a) Titulado(a) por el Estado,Infirmière diplômée d'État,राज्य-योग्य नर्स,正看護師,간호사,ਰਾਜ-ਪ੍ਰਮਾਣਿਤ ਨਰਸ,Enfermeiro(a) Graduado(a),Дипломированная медсестра,Diplomalı Hemşire,Дипломована медсестра,Y tá bằng quốc gia,注册护士
ممرضة غسيل الكلى,ডায়ালাইসিস নার্স,Dialysis Nurse,Enfermero(a) de Diálisis,Infirmière en dialyse,डायलिसिस नर्स,透析看護師,혈액투석실 간호사,ਡਾਇਲਸਿਸ ਨਰਸ,Enfermeiro(a) de Diálise,Медсестра диализного центра,Diyaliz Hemşiresi,Медсестра діалізу,Y tá chạy thận,透析护士
ممرضة الأورام,অনকোলজি নার্স,Oncology Nurse,Enfermero(a) de Oncología,Infirmière en oncologie,ओन्कोलॉजी नर्स,腫瘍看護師,종양전문간호사,ਓਨਕੋਲੋਜੀ ਨਰਸ,Enfermeiro(a) de Oncologia,Онкологическая медсестра,Onkoloji Hemşiresi,Онкологічна медсестра,Y tá ung bướu,肿瘤科护士
ممرضة نفسية,সাইকিয়াট্রিক নার্স,Psychiatric Nurse,Enfermero(a) Psiquiátrico(a),Infirmière psychiatrique,मनोरोग नर्स,精神科看護師,정신건강간호사,ਮਨੋਵਿਗਿਆਨਕ ਨਰਸ,Enfermeiro(a) Psiquiátrico(a),Психиатрическая медсестра,Psikiyatri Hemşiresi,Психіатрична медсестра,Y tá tâm thần,精神科护士
ممرضة أطفال,পেডিয়াট্রিক নার্স,Pediatric Nurse,Enfermero(a) Pediátrico(a),Infirmière pédiatrique,बाल चिकित्सा नर्स,小児看護師,아동전문간호사,ਬਾਲ ਰੋਗ ਨਰਸ,Enfermeiro(a) Pediátrico(a),Детская медсестра,Pediatri Hemşiresi,Педіатрична медсестра,Y tá nhi khoa,儿科护士
ممرضة الصحة المهنية,অকুপেশনাল হেলথ নার্স,Occupational Health Nurse,Enfermero(a) de Salud Ocupacional,Infirmière en santé au travail,व्यावसायिक स्वास्थ्य नर्स,産業保健看護師,산업전문간호사,ਕਿੱਤਾਮੁਖੀ ਸਿਹਤ ਨਰਸ,Enfermeiro(a) do Trabalho,Медсестра по гигиене труда,İş Sağlığı Hemşiresi,Медсестра з гігієни праці,Y tá y tế nghề nghiệp,职业健康护士
ممرضة صحة المجتمع,কমিউনিটি হেলথ নার্স,Community Health Nurse,Enfermero(a) de Salud Comunitaria,Infirmière en santé communautaire,सामुदायिक स्वास्थ्य नर्स,地域保健看護師,지역사회 보건간호사,ਕਮਿਊਨਿਟੀ ਸਿਹਤ ਨਰਸ,Enfermeiro(a) de Saúde Comunitária,Участковая медсестра,Toplum Sağlığı Hemşiresi,Громадська медсестра,Y tá y tế cộng đồng,社区护士
ممرضة العناية المركزة,ইনটেনসিভ কেয়ার নার্স,Intensive Care Nurse,Enfermero(a) de Cuidados Intensivos,Infirmière en soins intensifs,गहन चिकित्सा नर्स,集中治療看護師,중환자실 간호사,ਇੰਟੈਂਸਿਵ ਕੇਅਰ ਨਰਸ,Enfermeiro(a) de Terapia Intensiva,Медсестра отделения интенсивной терапии,Yoğun Bakım Hemşiresi,Медсестра інтенсивної терапії,Y tá hồi sức tích cực,重症监护护士
ممرضة رعاية منزلية مستقلة,স্বাধীন হোম কেয়ার নার্স,Independent Home Care Nurse,Enfermero(a) Independiente a Domicilio,Infirmière indépendante à domicile,स्वतंत्र होम केयर नर्स,訪問看護師,독립 재택의료 간호사,ਸੁਤੰਤਰ ਹੋਮ ਕੇਅਰ ਨਰਸ,Enfermeiro(a) Domiciliar Autônomo(a),Частная патронажная медсестра,Bağımsız Evde Bakım Hemşiresi,Незалежна медсестра з догляду на дому,Y tá chăm sóc tại nhà độc lập,独立家庭护士
ممرضة عسكرية,মিলিটারি নার্স,Military Nurse,Enfermero(a) Militar,Infirmière militaire,सैन्य नर्स,軍看護師,군 간호사,ਮਿਲਟਰੀ ਨਰਸ,Enfermeiro(a) Militar,Военная медсестра,Askeri Hemşire,Військова медсестра,Y tá quân đội,军队护士
ممرضة المدرسة,স্কুল নার্স,School Nurse,Enfermero(a) Escolar,Infirmière scolaire,स्कूल नर्स,学校看護師,보건교사,ਸਕੂਲ ਨਰਸ,Enfermeiro(a) Escolar,Школьная медсестра,Okul Hemşiresi,Шкільна медсестра,Y tá học đường,学校护士
ممرضة الرعاية المنزلية,হোম কেয়ার নার্স,Home Care Nurse,Enfermero(a) a Domicilio,Infirmière à domicile,होम केयर नर्स,在宅看護師,가정전문간호사,ਹੋਮ ਕੇਅਰ ਨਰਸ,Enfermeiro(a) de Cuidado Domiciliar,Патронажная медсестра,Evde Bakım Hemşiresi,Патронажна медсестра,Y tá chăm sóc tại nhà,家庭护士
مهندس معلوماتية طبية,মেডিকেল ইনফরমেটিক্স ইঞ্জিনিয়ার,Medical Informatics Engineer,Ingeniero(a) en Informática Médica,Ingénieur en informatique médicale,मेडिकल इन्फॉर्मेटिक्स इंजीनियर,医療情報エンジニア,의료정보 엔지니어,ਮੈਡੀਕਲ ਸੂਚਨਾ ਇੰਜੀਨੀਅਰ,Engenheiro(a) de Informática Médica,Инженер по медицинской информатике,Tıbbi Bilişim Mühendisi,Інженер з медичної інформатики,Kỹ sư tin học y tế,医学信息工程师
مهندس الذكاء الاصطناعي الصحي,হেলথ এআই ইঞ্জিনিয়ার,Health AI Engineer,Ingeniero(a) de IA en Salud,Ingénieur en IA pour la santé,स्वास्थ्य एआई इंजीनियर,医療AIエンジニア,의료 AI 엔지니어,ਸਿਹਤ AI ਇੰਜੀਨੀਅਰ,Engenheiro(a) de IA em Saúde,Инженер по ИИ в здравоохранении,Sağlık Yapay Zeka Mühendisi,Інженер зі штучного інтелекту в охороні здоров'я,Kỹ sư AI trong y tế,医疗人工智能工程师
مهندس الطب الحيوي,বায়োমেডিকেল ইঞ্জিনিয়ার,Biomedical Engineer,Ingeniero(a) Biomédico(a),Ingénieur biomédical,बायोमेडिकल इंजीनियर,生体医工学エンジニア,의공학 엔지니어,ਬਾਇਓਮੈਡੀਕਲ ਇੰਜੀਨੀਅਰ,Engenheiro(a) Biomédico(a),Биомедицинский инженер,Biyomedikal Mühendisi,Біомедичний інженер,Kỹ sư y sinh,生物医学工程师
مهندس السلامة الصحية,স্বাস্থ্য সুরক্ষা প্রকৌশলী,Health Safety Engineer,Ingeniero(a) de Seguridad Sanitaria,Ingénieur en santé et sécurité,स्वास्थ्य सुरक्षा इंजीनियर,医療安全エンジニア,보건안전 엔지니어,ਸਿਹਤ ਸੁਰੱਖਿਆ ਇੰਜੀਨੀਅਰ,Engenheiro(a) de Segurança Sanitária,Инженер по технике безопасности в здравоохранении,Sağlık Güvenliği Mühendisi,Інженер з охорони праці та здоров'я,Kỹ sư an toàn y tế,健康安全工程师
طبيب باطني,ইন্টারনিস্ট,Internist,Internista,Interniste,इंटरनिस्ट,内科医,내과 의사,ਇੰਟਰਨਿਸਟ,Médico(a) Internista,Врач-терапевт / Интернист,Dahiliye Uzmanı,Інтерніст (Терапевт),Bác sĩ nội khoa,内科医生
مترجم طبي,মেডিকেল ইন্টারপ্রেটার,Medical Interpreter,Intérprete Médico(a),Interprète médical,चिकित्सा दुभाषिया,医療通訳者,의료 통역사,ਮੈਡੀਕਲ ਦੁਭਾਸ਼ੀਆ,Intérprete Médico(a),Медицинский переводчик,Tıbbi Tercüman,Медичний перекладач,Thông dịch viên y khoa,医疗口译员
محامي الصحة,স্বাস্থ্য আইনজীবী,Health Lawyer,Abogado(a) de la Salud,Avocat spécialisé en santé,स्वास्थ्य वकील,医療専門弁護士,의료 전문 변호사,ਸਿਹਤ ਵਕੀਲ,Advogado(a) da Saúde,Юрист в сфере здравоохранения,Sağlık Hukuku Avukatı,Юрист у сфері охорони здоров'я,Luật sư y tế,医疗领域律师
أخصائي العلاج الطبيعي,ফিজিওথেরাপিস্ট,Physiotherapist,Fisioterapeuta,Physiothérapeute,फ़िज़ियोथेरेपिस्ट,理学療法士,물리치료사,ਫਿਜ਼ੀਓਥੈਰੇਪਿਸਟ,Fisioterapeuta,Физиотерапевт,Fizyoterapist,Фізіотерапевт,Chuyên viên vật lý trị liệu,物理治疗师
عامل غسيل ملابس في المستشفى,হাসপাতাল লন্ড্রি কর্মী,Hospital Laundry Worker,Trabajador(a) de Lavandería de Hospital,Employé de blanchisserie d'hôpital,अस्पताल लाँड्री कर्मचारी,病院リネン係,병원 세탁 담당자,ਹਸਪਤਾਲ ਦਾ ਲਾਂਡਰੀ ਕਰਮਚਾਰੀ,Funcionário(a) da Lavanderia Hospitalar,Работник больничной прачечной,Hastane Çamaşırhane Çalışanı,Працівник лікарняної пральні,Nhân viên giặt ủi bệnh viện,医院洗衣房工人
فني الأشعة,রেডিওলজিক টেকনোলজিস্ট,Radiologic Technologist,Técnico(a) en Radiología,Technologue en radiologie,रेडियोलॉजिक टेक्नोलॉजिस्ट,放射線技師,방사선사,ਰੇਡੀਓਲੋਜਿਕ ਤਕਨੀਸ਼ੀਅਨ,Tecnólogo(a) em Radiologia,Рентгенолаборант,Radyoloji Teknisyeni,Рентгенолаборант,Kỹ thuật viên chẩn đoán hình ảnh,放射技师
معالج بالتدليك,ম্যাসাজ থেরাপিস্ট,Massage Therapist,Masajista Terapéutico(a),Massothérapeute,मालिश चिकित्सक,マッサージ療法士,마사지 치료사,ਮਸਾਜ ਥੈਰੇਪਿਸਟ,Massoterapeuta,Массажист,Masaj Terapisti,Масажист,Chuyên viên xoa bóp trị liệu,按摩治疗师
عالم الأحياء الدقيقة,মাইক্রোবায়োলজিস্ট,Microbiologist,Microbiólogo(a),Microbiologiste,जीवाणुतत्ववेत्त,微生物学者,미생물학자,ਮਾਈਕ੍ਰੋਬਾਇਓਲੋਜਿਸਟ,Microbiologista,Микробиолог,Mikrobiyolog,Мікробіолог,Nhà vi sinh vật học,微生物学家
جراح مجهري,মাইক্রোসার্জন,Microsurgeon,Microcirujano(a),Microchirurgien,माइक्रोसर्जन,マイクロサージャン,미세수술 의사,ਮਾਈਕ੍ਰੋਸਰਜਨ,Microcirurgião(ã),Микрохирург,Mikrocerrah,Мікрохірург,Bác sĩ vi phẫu,显微外科医生
معالج موسيقى,মিউজিক থেরাপিস্ট,Music Therapist,Musicoterapeuta,Musicothérapeute,संगीत चिकित्सक,音楽療法士,음악 치료사,ਸੰਗੀਤ ਥੈਰੇਪਿਸਟ,Musicoterapeuta,Музыкальный терапевт,Müzik Terapisti,Музичний терапевт,Nhà trị liệu âm nhạc,音乐治疗师
طبيب استشاري,কনসাল্টিং ফিজিশিয়ান,Consulting Physician,Médico(a) Consultor(a),Médecin consultant,परामर्शदाता चिकित्सक,顧問医,자문의,ਸਲਾਹਕਾਰ ਡਾਕਟਰ,Médico(a) Consultor(a),Врач-консультант,Danışman Hekim,Лікар-консультант,Bác sĩ tư vấn,顾问医生
طبيب منسق لدار التمريض,নার্সিং হোম সমন্বয়কারী চিকিৎসক,Nursing Home Coordinating Physician,Médico(a) Coordinador(a) de Residencia de Ancianos,Médecin coordonnateur de la maison de retraite,नर्सिंग होम समन्वय चिकित्सक,老人ホーム担当調整医,요양원 협력의사,ਨਰਸਿੰਗ ਹੋਮ ਤਾਲਮੇਲਕ ਡਾਕਟਰ,Médico(a) Coordenador(a) de Casa de Repouso,Врач-координатор дома престарелых,Huzurevi Koordinatör Hekimi,Лікар-координатор будинку для людей похилого віку,Bác sĩ điều phối viện dưỡng lão,养老院协调医生
طبيب طب الإنجاب,প্রজনন ঔষধ ডাক্তার,Reproductive Medicine Doctor,Médico(a) de Medicina Reproductiva,Médecin en médecine de la reproduction,प्रजनन चिकित्सा चिकित्सक,生殖医療専門医,생식의학 전문의,ਪ੍ਰਜਨਨ ਦਵਾਈਆਂ ਦਾ ਡਾਕਟਰ,Médico(a) de Medicina Reprodutiva,Врач-репродуктолог,Üreme Tıbbı Uzmanı,Лікар-репродуктолог,Bác sĩ y học sinh sản,生殖医学医生
طبيب الصحة العامة,জনস্বাস্থ্য ডাক্তার,Public Health Doctor,Médico(a) de Salud Pública,Médecin de santé publique,सार्वजनिक स्वास्थ्य चिकित्सक,公衆衛生医,공중보건의,ਜਨਤਕ ਸਿਹਤ ਡਾਕਟਰ,Médico(a) de Saúde Pública,Врач общественного здравоохранения,Halk Sağlığı Uzmanı,Лікар громадського здоров'я,Bác sĩ y tế công cộng,公共卫生医生
طبيب زراعة الأعضاء,ট্রান্সপ্লান্ট ডাক্তার,Transplant Doctor,Médico(a) de Trasplantes,Médecin spécialiste des transplantations,प्रत्यारोपण चिकित्सक,移植医,이식 전문의,ਟ੍ਰਾਂਸਪਲਾਂਟ ਡਾਕਟਰ,Médico(a) de Transplante,Врач-трансплантолог,Nakil Doktoru,Лікар-трансплантолог,Bác sĩ cấy ghép,移植医生
طبيب طب السفر,ভ্রমণ ঔষধ ডাক্তার,Travel Medicine Doctor,Médico(a) de Medicina del Viajero,Médecin spécialiste en médecine des voyages,यात्रा चिकित्सा चिकित्सक,トラベルドクター,여행의학 전문의,ਯਾਤਰਾ ਦਵਾਈਆਂ ਦਾ ਡਾਕਟਰ,Médico(a) de Medicina do Viajante,Врач по медицине путешествий,Seyahat Sağlığı Hekimi,Лікар з медицини подорожей,Bác sĩ y học du lịch,旅行医学医生
طبيب الطب الرياضي,স্পোর্টস মেডিসিন ডাক্তার,Sports Medicine Doctor,Médico(a) de Medicina Deportiva,Médecin du sport,खेल चिकित्सा चिकित्सक,スポーツ医,스포츠의학 전문의,ਖੇਡ ਦਵਾਈਆਂ ਦਾ ਡਾਕਟਰ,Médico(a) de Medicina Esportiva,Спортивный врач,Spor Hekimi,Лікар зі спортивної медицини,Bác sĩ y học thể thao,运动医学医生
طبيب طب مهني,পেশাগত ঔষধ ডাক্তার,Occupational Medicine Doctor,Médico(a) de Medicina del Trabajo,Médecin du travail,व्यावसायिक चिकित्सा चिकित्सक,産業医,산업의학 전문의,ਕਿੱਤਾਮੁਖੀ ਦਵਾਈਆਂ ਦਾ ਡਾਕਟਰ,Médico(a) do Trabalho,Профпатолог,İşyeri Hekimi,Лікар-профпатолог,Bác sĩ y học nghề nghiệp,职业病医生
طبيب الرعاية التلطيفية,প্যালিয়েটিভ কেয়ার ডাক্তার,Palliative Care Doctor,Médico(a) de Cuidados Paliativos,Médecin en soins palliatifs,प्रशामक देखभाल चिकित्सक,緩和ケア医,완화의료 전문의,ਪੈਲੀਏਟਿਵ ਕੇਅਰ ਡਾਕਟਰ,Médico(a) de Cuidados Paliativos,Врач паллиативной помощи,Palyatif Bakım Doktoru,Лікар паліативної допомоги,Bác sĩ chăm sóc giảm nhẹ,姑息治疗医生
طبيب إنساني,মানবিক ডাক্তার,Humanitarian Doctor,Médico(a) Humanitario(a),Médecin humanitaire,मानवतावादी डॉक्टर,人道支援医師,인도주의 의사,ਮਾਨਵਤਾਵਾਦੀ ਡਾਕਟਰ,Médico(a) Humanitário(a),Врач гуманитарной миссии,İnsani Yardım Doktoru,Гуманітарний лікар,Bác sĩ nhân đạo,人道主义医生
طبيب طب الضغط العالي,হাইপারবারিক মেডিসিন ডাক্তার,Hyperbaric Medicine Doctor,Médico(a) de Medicina Hiperbárica,Médecin en médecine hyperbare,हाइपरबेरिक मेडिसिन डॉक्टर,高気圧酸素治療医,고압의학 전문의,ਹਾਈਪਰਬੈਰਿਕ ਦਵਾਈਆਂ ਦਾ ਡਾਕਟਰ,Médico(a) de Medicina Hiperbárica,Врач-гипербарической оксигенации,Hiperbarik Tıp Uzmanı,Лікар з гіпербаричної медицини,Bác sĩ y học cao áp,高压氧医学医生
طبيب العناية المركزة,ইনটেনসিভ কেয়ার ডাক্তার,Intensive Care Doctor,Médico(a) de Cuidados Intensivos,Médecin de soins intensifs,गहन चिकित्सा चिकित्सक,集中治療医,중환자의학 전문의,ਇੰਟੈਂਸਿਵ ਕੇਅਰ ਡਾਕਟਰ,Médico(a) de Terapia Intensiva,Врач-реаниматолог,Yoğun Bakım Doktoru,Лікар інтенсивної терапії,Bác sĩ hồi sức tích cực,重症监护医生
طبيب شرعي,ফরেনসিক ডাক্তার,Forensic Doctor,Médico(a) Forense,Médecin légiste,फोरेंसिक डॉक्टर,法医学医,법의관,ਫੋਰੈਂਸਿਕ ਡਾਕਟਰ,Médico(a) Legista,Судебно-медицинский эксперт,Adli Tıp Uzmanı,Судово-медичний експерт,Bác sĩ pháp y,法医
طبيب عسكري,মিলিটারি ডাক্তার,Military Doctor,Médico(a) Militar,Médecin militaire,सैन्य चिकित्सक,軍医,군의관,ਮਿਲਟਰੀ ਡਾਕਟਰ,Médico(a) Militar,Военный врач,Askeri Doktor,Військовий лікар,Bác sĩ quân đội,军医
طبيب الطب النووي,নিউক্লিয়ার মেডিসিন ডাক্তার,Nuclear Medicine Doctor,Médico(a) de Medicina Nuclear,Docteur en médecine nucléaire,न्यूक्लियर मेडिसिन डॉक्टर,核医学専門医,핵의학과 전문의,ਪ੍ਰਮਾਣੂ ਦਵਾਈਆਂ ਦਾ ਡਾਕਟਰ,Médico(a) de Medicina Nuclear,Врач ядерной медицины,Nükleer Tıp Uzmanı,Лікар з ядерної медицини,Bác sĩ y học hạt nhân,核医学医生
طبيب التغذية,পুষ্টি ডাক্তার,Nutrition Doctor,Médico(a) Nutricionista,Médecin nutritionniste,पोषण चिकित्सक,栄養専門医,영양 전문 의사,ਪੋਸ਼ਣ ਡਾਕਟਰ,Médico(a) Nutrólogo(a),Врач-диетолог,Beslenme Uzmanı Hekim,Лікар-дієтолог,Bác sĩ dinh dưỡng,营养科医生
طبيب الطب الفيزيائي وإعادة التأهيل,ফিজিক্যাল মেডিসিন এবং রিহ্যাবিলিটেশন ডাক্তার,Physical Medicine and Rehabilitation Doctor,Médico(a) de Medicina Física y Rehabilitación,Médecin en médecine physique et réadaptation,भौतिक चिकित्सा और पुनर्वास चिकित्सक,リハビリテーション科医,재활의학과 전문의,ਸਰੀਰਕ ਦਵਾਈ ਅਤੇ ਮੁੜ-ਵਸੇਬਾ ਡਾਕਟਰ,Médico(a) Fisiatra,Врач-реабилитолог,Fiziksel Tıp ve Rehabilitasyon Uzmanı,Лікар фізичної та реабілітаційної медицини,Bác sĩ vật lý trị liệu và phục hồi chức năng,物理医学与康复科医生
طبيب الإنعاش,রিসাসিটেশন ডাক্তার,Resuscitation Doctor,Médico(a) de Reanimación,Médecin réanimateur,पुनर्जीवन चिकित्सक,蘇生医,소생의학 전문의,ਪੁਨਰ-ਸੁਰਜੀਤੀ ਡਾਕਟਰ,Médico(a) Reanimador(a),Врач-реаниматолог,Resüsitasyon Doktoru,Лікар-реаніматолог,Bác sĩ hồi sức cấp cứu,复苏科医生
طبيب المدرسة,স্কুল ডাক্তার,School Doctor,Médico(a) Escolar,Médecin scolaire,स्कूल डॉक्टर,学校医,학교 의사,ਸਕੂਲ ਡਾਕਟਰ,Médico(a) Escolar,Школьный врач,Okul Hekimi,Шкільний лікар,Bác sĩ học đường,校医
طبيب الطوارئ,জরুরী ডাক্তার,Emergency Doctor,Médico(a) de Urgencias,Médecin urgentiste,आपातकालीन डॉक्टर,救急医,응급의학과 전문의,ਐਮਰਜੈਂਸੀ ਡਾਕਟਰ,Médico(a) de Emergência,Врач скорой помощи,Acil Tıp Uzmanı,Лікар невідкладної допомоги,Bác sĩ cấp cứu,急诊科医生
وسيط صحي,স্বাস্থ্য মধ্যস্থতাকারী,Health Mediator,Mediador(a) de Salud,Médiateur de la santé,स्वास्थ्य मध्यस्थ,医療メディエーター,보건의료 중재자,ਸਿਹਤ ਵਿਚੋਲਾ,Mediador(a) de Saúde,Медицинский посредник,Sağlık Arabulucusu,Медіатор у сфері охорони здоров'я,Người trung gian y tế,健康调解员
وسيط صحي,স্বাস্থ্য মধ্যস্থতাকারী,Health Mediator,Mediador(a) Sanitario(a),Médiateur de la santé,स्वास्थ्य मध्यस्थ,保健メディエーター,건강 중재자,ਸਿਹਤ ਸਲਾਹਕਾਰ,Mediador(a) Sanitário(a),Медиатор в здравоохранении,Sağlık Alanında Arabulucu,Медіатор у сфері охорони здоров'я,Nhân viên hòa giải y tế,医患关系调解员
طبيب طبيعي,ন্যাচারোপ্যাথ,Naturopath,Naturópata,Naturopathe,प्राकृतिक चिकित्सक,自然療法士,자연요법사,ਨੈਚਰੋਪੈਥ,Naturopata,Натуропат,Naturopat,Натуропат,Thầy thuốc tự nhiên,自然疗法医师
جراح أعصاب,নিউরোসার্জন,Neurosurgeon,Neurocirujano(a),Neurochirurgien,न्यूरोसर्जन,脳神経外科医,신경외과 의사,ਨਿਊਰੋਸਰਜਨ,Neurocirurgião(ã),Нейрохирург,Beyin ve Sinir Cerrahı,Нейрохірург,Bác sĩ phẫu thuật thần kinh,神经外科医生
طبيب أعصاب,নিউরোলজিস্ট,Neurologist,Neurólogo(a),Neurologue,न्यूरोलॉजिस्ट,神経内科医,신경과 의사,ਨਿਊਰੋਲੋਜਿਸਟ,Neurologista,Невролог,Nöroloji Uzmanı,Невролог,Bác sĩ thần kinh,神经科医生
أخصائي فيزيولوجيا الأعصاب,নিউরোফিজিওলজিস্ট,Neurophysiologist,Neurofisiólogo(a),Neurophysiologiste,न्यूरोफिज़ियोलॉजिस्ट,神経生理学者,신경생리학자,ਨਿਊਰੋਫਿਜ਼ਿਓਲੋਜਿਸਟ,Neurofisiologista,Нейрофизиолог,Nörofizyolog,Нейрофізіолог,Bác sĩ sinh lý thần kinh,神经生理学家
أخصائي علم النفس العصبي,নিউরোসাইকোলজিস্ট,Neuropsychologist,Neuropsicólogo(a),Neuropsychologue,न्यूरोसाइकोलॉजिस्ट,神経心理学者,신경심리학자,ਨਿਊਰੋਸਾਈਕੋਲੋਜਿਸਟ,Neuropsicólogo(a),Нейропсихолог,Nöropsikolog,Нейропсихолог,Bác sĩ tâm lý thần kinh,神经心理学家
أخصائي تغذية,পুষ্টিবিদ,Nutritionist,Nutricionista,Nutritionniste,पोषण विशेषज्ञ,栄養士,영양학자,ਪੋਸ਼ਣ ਮਾਹਿਰ,Nutricionista,Диетолог / Нутрициолог,Beslenme Uzmanı,Нутриціолог,Chuyên gia dinh dưỡng,营养学家
طبيب حديثي الولادة,নিওনেটোলজিস্ট,Neonatologist,Neonatólogo(a),Néonatologiste,नवजात शिशु रोग विशेषज्ञ,新生児専門医,신생아과 전문의,ਨਵਜੰਮੇ ਬੱਚਿਆਂ ਦਾ ਮਾਹਿਰ,Neonatologista,Неонатолог,Neonatolog,Неонатолог,Bác sĩ sơ sinh,新生儿科医生
طبيب أمراض الكلى,নেফ্রোলজিস্ট,Nephrologist,Nefrólogo(a),Néphrologue,किडनी रोग विशेषज्ञ,腎臓専門医,신장내과 전문의,ਗੁਰਦਿਆਂ ਦੇ ਰੋਗਾਂ ਦਾ ਮਾਹਿਰ,Nefrologista,Нефролог,Nefroloji Uzmanı,Нефролог,Bác sĩ thận,肾脏病科医生
أخصائي الأنف والأذن والحنجرة,ইএনটি বিশেষজ্ঞ,ENT Specialist,Otorrinolaringólogo(a),Spécialiste ORL,ईएनटी विशेषज्ञ,耳鼻咽喉科医,이비인후과 전문의,ENT ਮਾਹਿਰ,Otorrinolaringologista,ЛОР-врач / Оториноларинголог,Kulak Burun Boğaz (KBB) Uzmanı,ЛОР-спеціаліст (Отоларинголог),Bác sĩ tai mũi họng,耳鼻喉科专家
طبيب التوليد,অবস্টেট্রিশিয়ান,Obstetrician,Obstetra,Obstétricien,दाई,産科医,산과 의사,ਪ੍ਰਸੂਤੀ ਮਾਹਿਰ,Obstetra,Акушер-гинеколог,Kadın Hastalıkları ve Doğum Uzmanı,Акушер-гінеколог,Bác sĩ sản khoa,产科医生
صانع العيون الاصطناعية,অকুলারিস্ট,Ocularist,Ocularista,Oculariste,नेत्र विशेषज्ञ,義眼技工士,의안 기공사,ਬਨਾਵਟੀ ਅੱਖਾਂ ਦਾ ਮਾਹਿਰ,Ocularista,Окулярист / Специалист по глазному протезированию,Okülarist (Göz Protez Uzmanı),Окулярист (технік-протезист ока),Chuyên gia tạo mắt giả,义眼师
طبيب أورام,অনকোলজিস্ট,Oncologist,Oncólogo(a),Oncologiste,ऑन्कोलॉजिस्ट,腫瘍専門医,종양 전문의,ਓਨਕੋਲੋਜਿਸਟ,Oncologista,Онколог,Onkoloji Uzmanı,Онколог,Bác sĩ ung thư,肿瘤科医生
طبيب أورام طبي,মেডিকেল অনকোলজিস্ট,Medical Oncologist,Oncólogo(a) Médico(a),Oncologue médical,मेडिकल ऑन्कोलॉजिस्ट,腫瘍内科医,종양내과 전문의,ਮੈਡੀਕਲ ਓਨਕੋਲੋਜਿਸਟ,Oncologista Clínico(a),Врач-онколог,Tıbbi Onkolog,Клінічний онколог,Bác sĩ ung thư nội khoa,肿瘤内科医生
طبيب أورام الأطفال,পেডিয়াট্রিক অনকোলজিস্ট,Pediatric Oncologist,Oncólogo(a) Pediátrico(a),Oncologue pédiatrique,बाल चिकित्सा ऑन्कोलॉजिस्ट,小児腫瘍専門医,소아종양 전문의,ਬੱਚਿਆਂ ਦਾ ਓਨਕੋਲੋਜਿਸਟ,Oncologista Pediátrico(a),Детский онколог,Pediatrik Onkolog,Дитячий онколог,Bác sĩ ung thư nhi,儿科肿瘤医生
طبيب عيون,অফথালমোলজিস্ট,Ophthalmologist,Oftalmólogo(a),Ophtalmologiste,नेत्र-विशेषज्ञ,眼科医,안과 의사,ਅੱਖਾਂ ਦਾ ਡਾਕਟਰ,Oftalmologista,Офтальмолог,Oftalmoloji Uzmanı (Göz Doktoru),Офтальмолог,Bác sĩ nhãn khoa,眼科医生
أخصائي بصريات,অপটিশিয়ান,Optician,Óptico(a),Opticien,प्रकाशविज्ञानशास्री,眼鏡技師,안경사,ਐਨਕਾਂ ਦਾ ਮਾਹਿਰ,Óptico(a),Оптик,Gözlükçü,Оптик,Kỹ thuật viên đo mắt,眼镜商
فاحص البصر,অপটোমেট্রিস্ট,Optometrist,Optometrista,Optométriste,ऑप्टोमेट्रिस्ट,検眼医,검안사,ਓਪਟੋਮੈਟ੍ਰਿਸਟ,Optometrista,Оптометрист,Optometrist,Оптометрист,Chuyên gia khúc xạ nhãn khoa,验光师
أخصائي تقويم الأسنان,অর্থোডন্টিস্ট,Orthodontist,Ortodoncista,Orthodontiste,ओथडोटिस,歯科矯正医,치과교정과 전문의,ਆਰਥੋਡੌਂਟਿਸਟ,Ortodontista,Ортодонт,Ortodonti Uzmanı,Ортодонт,Bác sĩ chỉnh nha,牙齿矫正医生
معالج النطق,স্পিচ থেরাপিস্ট,Speech Therapist,Logopeda,Orthophoniste,भाषण चिकित्सक,言語聴覚士,언어치료사,ਸਪੀਚ ਥੈਰੇਪਿਸਟ,Fonoaudiólogo(a),Логопед,Konuşma Terapisti,Логопед,Chuyên viên trị liệu ngôn ngữ,言语治疗师
أخصائي تقويم العظام والأطراف الاصطناعية,অর্থোটিস্ট-প্রোস্থেটিস্ট,Orthotist-Prosthetist,Ortesista-Protesista,Orthésiste-Prothésiste,ऑर्थोटिस्ट-प्रोस्थेटिस्ट,義肢装具士,의지보조기 기사,ਆਰਥੋਟਿਸਟ-ਪ੍ਰੋਸਥੇਟਿਸਟ,Ortesista-Protesista,Ортезист-протезист,Ortez-Protez Uzmanı,Ортезист-протезист,Kỹ thuật viên chỉnh hình - lắp tay chân giả,矫形与假肢技师
أخصائي تقويم البصر,অর্থোপটিস্ট,Orthoptist,Ortoptista,Orthoptiste,ऑर्थोपटिस्ट,視能訓練士,시능훈련사,ਆਰਥੋਪਟਿਸਟ,Ortoptista,Ортоптист,Ortoptist,Ортоптист,Chuyên gia phục hồi chức năng thị giác,视轴矫正师
أخصائي جراحة العظام,অর্থোপেডিস্ট,Orthopedist,Ortopedista,Orthopédiste,ओर्थपेडीस्ट,整形外科医,정형외과 의사,ਹੱਡੀਆਂ ਦਾ ਡਾਕਟਰ,Ortopedista,Ортопед,Ortopedi Uzmanı,Ортопед,Bác sĩ chỉnh hình,骨科医生
أخصائي تقويم العظام,অর্থোটিস্ট,Orthotist,Ortesista,Orthésiste,ऑर्थोटिस्ट,装具士,보조기 기사,ਆਰਥੋਟਿਕਸ ਮਾਹਿਰ,Ortesista,Ортезист,Ortez Uzmanı,Ортезист,Thợ chỉnh hình,矫形器技师
أخصائي تقويم العظام,অস্টিওপ্যাথ,Osteopath,Osteópata,Ostéopathe,अस्थिरोगचिकित्सा,オステオパス,오스테오패스,ਓਸਟੀਓਪੈਥ,Osteopata,Остеопат,Osteopat,Остеопат,Bác sĩ nắn xương,整骨疗法医师
أخصائي أمراض اللثة,পেরিওডন্টিস্ট,Periodontist,Periodoncista,Parodontiste,पैरीडोंटिस्ट,歯周病専門医,치주과 전문의,ਪੀਰੀਓਡੌਨਟਿਸਟ,Periodontista,Пародонтолог,Periodontoloji Uzmanı,Пародонтолог,Bác sĩ nha chu,牙周病专家
أخصائي علم الأمراض الشرعي,ফরেনসিক প্যাথলজিস্ট,Forensic Pathologist,Patólogo(a) Forense,Pathologiste judiciaire,फोरेंसिक पैथोलॉजिस्ट,法病理医,법의병리학자,ਫੋਰੈਂਸਿਕ ਪੈਥੋਲੋਜਿਸਟ,Patologista Forense,Судебный патологоанатом,Adli Patolog,Судово-медичний патологоанатом,Bác sĩ pháp y,法医病理学家
أخصائي التروية,পারফিউশনিস্ট,Perfusionist,Perfusionista,Perfusionniste,पर्फ्युज़निस्ट,体外循環技術者,체외순환사,ਪਰਫਿਊਜ਼ਨਿਸਟ,Perfusionista,Перфузиолог,Perfüzyonist,Перфузіолог,Kỹ thuật viên tuần hoàn ngoài cơ thể,体外灌注师
صيدلي,ফার্মাসিস্ট,Pharmacist,Farmacéutico(a),Pharmacien,फार्मेसिस्ट,薬剤師,약사,ਫਾਰਮਾਸਿਸਟ,Farmacêutico(a),Фармацевт,Eczacı,Фармацевт,Dược sĩ,药剂师
صيدلي سريري,ক্লিনিকাল ফার্মাসিস্ট,Clinical Pharmacist,Farmacéutico(a) Clínico(a),Pharmacien clinicien,क्लिनिकल फार्मासिस्ट,臨床薬剤師,임상 약사,ਕਲੀਨਿਕਲ ਫਾਰਮਾਸਿਸਟ,Farmacêutico(a) Clínico(a),Клинический фармацевт,Klinik Eczacı,Клінічний фармацевт,Dược sĩ lâm sàng,临床药剂师
صيدلي المستشفى,হাসপাতাল ফার্মাসিস্ট,Hospital Pharmacist,Farmacéutico(a) Hospitalario(a),Pharmacien d'hôpital,अस्पताल फार्मासिस्ट,病院薬剤師,병원 약사,ਹਸਪਤਾਲ ਦਾ ਫਾਰਮਾਸਿਸਟ,Farmacêutico(a) Hospitalar,Больничный фармацевт,Hastane Eczacısı,Лікарняний фармацевт,Dược sĩ bệnh viện,医院药剂师
صيدلي صناعي,ইন্ডাস্ট্রিয়াল ফার্মাসিস্ট,Industrial Pharmacist,Farmacéutico(a) Industrial,Pharmacien industriel,औद्योगिक फार्मासिस्ट,製薬薬剤師,산업 약사,ਉਦਯੋਗਿਕ ਫਾਰਮਾਸਿਸਟ,Farmacêutico(a) Industrial,Промышленный фармацевт,Endüstri Eczacısı,Промисловий фармацевт,Dược sĩ công nghiệp,工业药剂师
صيدلاني,ফার্মাকোলজিস্ট,Pharmacologist,Farmacólogo(a),Pharmacologue,औषध विज्ञानी,薬理学者,약리학자,ਫਾਰਮਾਕੋਲੋਜਿਸਟ,Farmacologista,Фармаколог,Farmakolog,Фармаколог,Bác sĩ dược lý học,药理学家
طيار مروحية طبية,মেডিকেল হেলিকপ্টার পাইলট,Medical Helicopter Pilot,Piloto de Helicóptero Medicalizado,Pilote d'hélicoptère médical,मेडिकल हेलीकॉप्टर पायलट,ドクターヘリパイロット,의료 헬리콥터 조종사,ਮੈਡੀਕਲ ਹੈਲੀਕਾਪਟਰ ਪਾਇਲਟ,Piloto(a) de Helicóptero Médico,Пилот медицинского вертолёта,Tıbbi Helikopter Pilotu,Пілот медичного гелікоптера,Phi công trực thăng y tế,医疗直升机飞行员
طبيب أمراض الرئة,পালমোনোলজিস্ট,Pulmonologist,Neumólogo(a),Pneumologue,फुफ्फुसीय रोग विशेषज्ञ,呼吸器専門医,호흡기내과 전문의,ਪਲਮੋਨੋਲੋਜਿਸਟ,Pneumologista,Пульмонолог,Göğüs Hastalıkları Uzmanı,Пульмонолог,Bác sĩ hô hấp,肺科医生
أخصائي طب الأقدام,পডিয়াট্রিস্ট,Podiatrist,Podólogo(a),Podologue,पोडियाट्रिस्ट,足病医,족부 전문의,ਪੋਡੀਆਟ੍ਰਿਸਟ,Podólogo(a),Подолог,Podolog,Подолог,Bác sĩ chuyên chân,足病医生
ناقل الوجبات الطبية,মেডিকেল মিল ক্যারিয়ার,Medical Meal Carrier,Portador(a) de Comidas Médicas,Porteur de repas médical,चिकित्सा भोजन वाहक,医療食配膳担当,의료식 배식 담당자,ਮੈਡੀਕਲ ਭੋਜਨ ਪਹੁੰਚਾਉਣ ਵਾਲਾ,Transportador(a) de Refeições Médicas,Доставщик медицинского питания,Tıbbi Yemek Taşıma Görevlisi,Кур'єр з доставки медичного харчування,Người vận chuyển suất ăn y tế,医疗配餐员
ممارس الأيورفيدا,আয়ুর্বেদিক অনুশীলনকারী,Ayurvedic Practitioner,Practicante de Medicina Ayurvédica,Praticien ayurvédique,आयुर्वेदिक चिकित्सक,アーユルヴェーダ実践者,아유르베다 시술자,ਆਯੁਰਵੈਦਿਕ ਪ੍ਰੈਕਟੀਸ਼ਨਰ,Praticante de Ayurveda,Практикующий специалист по аюрведе,Ayurveda Uygulayıcısı,Практик аюрведичної медицини,Thầy thuốc Ayurvedic,阿育吠陀从业者
ممارس الطب الصيني التقليدي,ঐতিহ্যবাহী চীনা ঔষধ অনুশীলনকারী,Traditional Chinese Medicine Practitioner,Practicante de Medicina Tradicional China,Praticien en médecine traditionnelle chinoise,पारंपरिक चीनी चिकित्सा व्यवसायी,中医学実践者,중의학 시술자,ਰਵਾਇਤੀ ਚੀਨੀ ਦਵਾਈ ਪ੍ਰੈਕਟੀਸ਼ਨਰ,Praticante de Medicina Tradicional Chinesa,Практикующий специалист по традиционной китайской медицине,Geleneksel Çin Tıbbı Uygulayıcısı,Практик традиційної китайської медицини,Thầy thuốc Đông y,中医师
ممارس طب الطاقة,শক্তি ঔষধ অনুশীলনকারী,Energy Medicine Practitioner,Practicante de Medicina Energética,Praticien en médecine énergétique,ऊर्जा चिकित्सा व्यवसायी,エネルギー療法実践者,에너지 의학 시술자,ਊਰਜਾ ਦਵਾਈ ਪ੍ਰੈਕਟੀਸ਼ਨਰ,Praticante de Medicina Energética,Практикующий специалист по энергетической медицине,Enerji Tıbbı Uygulayıcısı,Практик енергетичної медицини,Chuyên gia y học năng lượng,能量医学从业者
ممارس شياتسو,শিয়াতসু অনুশীলনকারী,Shiatsu Practitioner,Practicante de Shiatsu,Praticien en Shiatsu,शियात्सू प्रैक्टिशनर,指圧師,지압사,ਸ਼ੀਆਤਸੂ ਪ੍ਰੈਕਟੀਸ਼ਨਰ,Praticante de Shiatsu,Практикующий специалист по шиацу,Shiatsu Uygulayıcısı,Практик шіацу,Chuyên gia trị liệu Shiatsu,指压治疗师
ممارس التنويم المغناطيسي,হিপনোসিস অনুশীলনকারী,Hypnosis Practitioner,Practicante de Hipnosis,Praticien en hypnose,सम्मोहन चिकित्सक,催眠療法士,최면 치료사,ਹਿਪਨੋਸਿਸ ਪ੍ਰੈਕਟੀਸ਼ਨਰ,Praticante de Hipnose,Гипнотерапевт,Hipnoz Uygulayıcısı,Практик гіпнозу,Chuyên gia trị liệu thôi miên,催眠治疗师
طبيب المستقيم,প্রোক্টোলজিস্ট,Proctologist,Proctólogo(a),Proctologue,प्रोक्टोलॉजिस्ट,肛門科医,항문외과 의사,ਪ੍ਰੋਕਟੋਲੋਜਿਸਟ,Proctologista,Проктолог,Proktoloji Uzmanı,Проктолог,Bác sĩ hậu môn trực tràng,直肠科医生
مروج الصحة,স্বাস্থ্য প্রবর্তক,Health Promoter,Promotor(a) de Salud,Promoteur de la santé,स्वास्थ्य संवर्धक,ヘルスプロモーター,건강 증진 전문가,ਸਿਹਤ ਪ੍ਰਮੋਟਰ,Promotor(a) de Saúde,Пропагандист здорового образа жизни,Sağlık Geliştirme Uzmanı,Промоутер здоров'я,Nhân viên truyền thông sức khỏe,健康促进专员
أخصائي تركيبات الأسنان,প্রোস্থোডন্টিস্ট,Prosthodontist,Prostodoncista,Prosthodontiste,प्रोस्थोडोन्टिस्ट,補綴歯科専門医,치과보철과 전문의,ਪ੍ਰੋਸਥੋਡੋਟਿਸਟ,Protesista,Стоматолог-протезист,Protez Uzmanı,Стоматолог-ортопед,Bác sĩ phục hình răng,修复齿科医生
فني صيدلة,ফার্মেসি টেকনিশিয়ান,Pharmacy Technician,Técnico(a) de Farmacia,Technicien en pharmacie,फार्मेसी तकनीशियन,薬局技術者,약국 테크니션,ਫਾਰਮੇਸੀ ਤਕਨੀਸ਼ੀਅਨ,Técnico(a) de Farmácia,Фармацевт-техник,Eczane Teknisyeni,Фармацевтичний технік,Kỹ thuật viên dược,药房技术员
طبيب نفسي,সাইকিয়াট্রিস্ট,Psychiatrist,Psiquiatra,Psychiatre,मनोचिकित्सक,精神科医,정신건강의학과 의사,ਮਨੋਵਿਗਿਆਨੀ,Psiquiatra,Психиатр,Psikiyatrist,Психіатр,Bác sĩ tâm thần,精神科医生
أخصائي نفسي سريري,ক্লিনিকাল সাইকোলজিস্ট,Clinical Psychologist,Psicólogo(a) Clínico(a),Psychologue clinicien,नैदानिक ​​मनोविज्ञानी,臨床心理士,임상심리사,ਕਲੀਨਿਕਲ ਮਨੋਵਿਗਿਆਨੀ,Psicólogo(a) Clínico(a),Клинический психолог,Klinik Psikolog,Клінічний психолог,Bác sĩ tâm lý lâm sàng,临床心理学家
أخصائي علم النفس المهني,অকুপেশনাল সাইকোলজিস্ট,Occupational Psychologist,Psicólogo(a) del Trabajo,Psychologue du travail,व्यावसायिक मनोवैज्ञानिक,産業心理学者,산업심리학자,ਕਿੱਤਾਮੁਖੀ ਮਨੋਵਿਗਿਆਨੀ,Psicólogo(a) do Trabalho,Профессиональный психолог,Endüstri Psikoloğu,Психолог праці,Bác sĩ tâm lý nghề nghiệp,职业心理学家
أخصائي نفسي شرعي,ফরেনসিক সাইকোলজিস্ট,Forensic Psychologist,Psicólogo(a) Forense,Psychologue judiciaire,फोरेंसिक मनोवैज्ञानिक,法心理学者,법의심리학자,ਫੋਰੈਂਸਿਕ ਮਨੋਵਿਗਿਆਨੀ,Psicólogo(a) Forense,Судебный психолог,Adli Psikolog,Судовий психолог,Bác sĩ tâm lý pháp y,法医心理学家
أخصائي نفسي مدرسي,স্কুল সাইকোলজিস্ট,School Psychologist,Psicólogo(a) Escolar,Psychologue scolaire,स्कूली मनोवैज्ञानिक,スクールサイコロジスト,학교 심리학자,ਸਕੂਲ ਮਨੋਵਿਗਿਆਨੀ,Psicólogo(a) Escolar,Школьный психолог,Okul Psikoloğu,Шкільний психолог,Bác sĩ tâm lý học đường,学校心理学家
معالج نفسي حركي,সাইকোমোটর থেরাপিস্ট,Psychomotor Therapist,Psicomotricista,Thérapeute psychomotricien,साइकोमोटर थेरेपिस्ट,心理運動療法士,심리운동치료사,ਸਾਈਕੋਮੋਟਰ ਥੈਰੇਪਿਸਟ,Psicomotricista,Психомоторный терапевт,Psikomotor Terapisti,Психомоторний терапевт,Nhà trị liệu vận động tâm lý,心理运动治疗师
معالج نفسي,সাইকোথেরাপিস্ট,Psychotherapist,Psicoterapeuta,Psychothérapeute,मनोचिकित्सक,心理療法士,심리치료사,ਮਨੋ-ਚਿਕਿਤਸਕ,Psicoterapeuta,Психотерапевт,Psikoterapist,Психотерапевт,Nhà trị liệu tâm lý,心理治疗师
ممرضة أطفال,পেডিয়াট্রিক নার্স,Pediatric Nurse,Enfermero(a) Pediátrico(a),Infirmière pédiatrique,बाल चिकित्सा नर्स,小児看護師,아동전문간호사,ਬਾਲ ਰੋਗ ਨਰਸ,Enfermeiro(a) Pediátrico(a),Детская медсестра,Pediatri Hemşiresi,Педіатрична медсестра,Y tá nhi khoa,儿科护士
طبيب أطفال,পেডিয়াট্রিশিয়ান,Pediatrician,Pediatra,Pédiatre,बच्चों का चिकित्सक,小児科医,소아청소년과 의사,ਬਾਲ ਰੋਗਾਂ ਦਾ ਮਾਹਿਰ,Pediatra,Педиатр,Pediatrist (Çocuk Doktoru),Педіатр,Bác sĩ nhi,儿科医生
أخصائي طب الأقدام,চিরোপোডিস্ট-পডিয়াট্রিস্ট,Chiropodist-Podiatrist,Quiropodista-Podólogo(a),Podologue-Pédiatre,कायरोपोडिस्ट-पोडियाट्रिस्ट,足治療医,족부 치료사,ਕਾਇਰੋਪੋਡਿਸਟ-ਪੋਡੀਆਟ੍ਰਿਸਟ,Podólogo(a),Подолог,Podiatrist,Подолог-хіропод,Bác sĩ nắn xương-Bác sĩ chuyên khoa chân,足科医生
طبيب نفسي للأطفال,চাইল্ড সাইকিয়াট্রিস্ট,Child Psychiatrist,Psiquiatra Infantil,Pédopsychiatre,बाल मनोचिकित्सक,児童精神科医,소아정신과 의사,ਬਾਲ ਮਨੋਵਿਗਿਆਨੀ,Psiquiatra Infantil,Детский психиатр,Çocuk Psikiyatristi,Дитячий психіатр,Bác sĩ tâm thần trẻ em,儿童精神科医生
أخصائي علاج الأورام بالإشعاع,রেডিয়েশন অনকোলজিস্ট,Radiation Oncologist,Oncólogo(a) Radioterápico(a),Radio-oncologue,रेडिएशन ऑन्कोलॉजिस्ट,放射線腫瘍医,방사선종양학과 전문의,ਰੇਡੀਏਸ਼ਨ ਓਨਕੋਲੋਜਿਸਟ,Radio-oncologista,Радиационный онколог,Radyasyon Onkolojisi Uzmanı,Радіаційний онколог,Bác sĩ xạ trị ung thư,放射肿瘤学家
أخصائي التشخيص الإشعاعي,রেডিওডায়াগনস্টিক বিশেষজ্ঞ,Radiodiagnostic Specialist,Especialista en Radiodiagnóstico,Spécialiste en radiodiagnostic,रेडियोडायग्नोस्टिक विशेषज्ञ,放射線診断専門医,영상의학과 전문의,ਰੇਡੀਓਡਾਇਗਨੌਸਟਿਕ ਮਾਹਿਰ,Especialista em Radiodiagnóstico,Специалист по лучевой диагностике,Radyodiagnostik Uzmanı,Спеціаліст з радіодіагностики,Bác sĩ chẩn đoán hình ảnh,放射诊断专家
أخصائي الأشعة,রেডিওলজিস্ট,Radiologist,Radiólogo(a),Radiologue,रेडियोलोकेशन करनेवाला,放射線科医,방사선과 의사,ਰੇਡੀਓਲੋਜਿਸਟ,Radiologista,Рентгенолог,Radyolog,Рентгенолог,Bác sĩ X quang,放射科医生
أخصائي العلاج الإشعاعي,রেডিওথেরাপিস্ট,Radiotherapist,Radioterapeuta,Radiothérapeute,रेडियोथेरेपिस्ट,放射線療法士,방사선 치료사,ਰੇਡੀਓਥੈਰੇਪਿਸਟ,Radioterapeuta,Радиотерапевт,Radyoterapist,Радіотерапевт,Bác sĩ xạ trị,放射治疗师
مسؤول توظيف طبي,মেডিকেল নিয়োগকারী,Medical Recruiter,Reclutador(a) Médico(a),Recruteur médical,मेडिकल रिक्रूटर,医療リクルーター,의료 전문 채용 담당자,ਮੈਡੀਕਲ ਭਰਤੀਕਾਰ,Recrutador(a) Médico(a),Рекрутер в сфере медицины,Tıbbi İşe Alım Uzmanı,Медичний рекрутер,Nhân viên tuyển dụng y tế,医疗招聘专员
مدير نظم المعلومات الصحية,স্বাস্থ্য তথ্য সিস্টেম ম্যানেজার,Health Information Systems Manager,Responsable de Sistemas de Información de Salud,Responsable des systèmes d'information de santé,स्वास्थ्य सूचना प्रणाली प्रबंधक,医療情報システムマネージャー,의료정보시스템 관리자,ਸਿਹਤ ਸੂਚਨਾ ਪ੍ਰਣਾਲੀ ਦਾ ਮੈਨੇਜਰ,Gerente de Sistemas de Informação em Saúde,Менеджер медицинских информационных систем,Sağlık Bilgi Sistemleri Yöneticisi,Менеджер інформаційних систем охорони здоров'я,Quản lý hệ thống thông tin y tế,健康信息系统经理
مدير الاعتماد,অ্যাক্রিডিটেশন ম্যানেজার,Accreditation Manager,Responsable de Acreditación,Responsable de l'accréditation,मान्यता प्रबंधक,認定マネージャー,인증 관리자,ਮਾਨਤਾ ਮੈਨੇਜਰ,Gerente de Acreditação,Менеджер по аккредитации,Akreditasyon Yöneticisi,Менеджер з акредитації,Quản lý công nhận chất lượng,认证经理
مدير الصندوق والمحاسبة,ক্যাশ রেজিস্টার এবং জার্নাল ম্যানেজার,Cash Register and Journal Manager,Responsable de Caja y Diario,Responsable de la caisse enregistreuse et du journal,कैश रजिस्टर और जर्नल मैनेजर,現金出納・仕訳マネージャー,출납 및 회계 관리자,ਨਕਦ ਰਜਿਸਟਰ ਅਤੇ ਜਰਨਲ ਮੈਨੇਜਰ,Gerente de Caixa e Diário,Менеджер по кассовым операциям,Kasa ve Defter Sorumlusu,Менеджер каси та журналу,Quản lý sổ quỹ và ghi chép,收银与账务经理
مدير الترميز و PMSI,কোডিং এবং পিএমএসআই ম্যানেজার,Coding and PMSI Manager,Responsable de Codificación y PMSI,Responsable codage et PMSI,कोडिंग और पीएमएसआई प्रबंधक,コーディング・PMSIマネージャー,코딩 및 PMSI 관리자,ਕੋਡਿੰਗ ਅਤੇ PMSI ਮੈਨੇਜਰ,Gerente de Codificação e PMSI,Менеджер по кодированию и PMSI,Kodlama ve GİP Yöneticisi,Менеджер з кодування та PMSI,Quản lý mã hóa và PMSI,编码与PMSI经理
مدير الاتصالات الصحية,স্বাস্থ্য যোগাযোগ ব্যবস্থাপক,Health Communication Manager,Responsable de Comunicación en Salud,Responsable communication santé,स्वास्थ्य संचार प्रबंधक,ヘルスケアコミュニケーションマネージャー,헬스커뮤니케이션 관리자,ਸਿਹਤ ਸੰਚਾਰ ਮੈਨੇਜਰ,Gerente de Comunicação em Saúde,Менеджер по коммуникациям в здравоохранении,Sağlık İletişim Yöneticisi,Менеджер з комунікацій у сфері охорони здоров’я,Quản lý truyền thông y tế,健康传播经理
مدير الابتكار الصحي,স্বাস্থ্য উদ্ভাবন ব্যবস্থাপক,Health Innovation Manager,Responsable de Innovación en Salud,Responsable de l'innovation en santé,स्वास्थ्य नवाचार प्रबंधक,ヘルスイノベーションマネージャー,헬스케어 혁신 관리자,ਸਿਹਤ ਨਵੀਨਤਾ ਮੈਨੇਜਰ,Gerente de Inovação em Saúde,Менеджер по инновациям в здравоохранении,Sağlık İnovasyon Yöneticisi,Менеджер з інновацій у сфері охорони здоров’я,Quản lý đổi mới trong y tế,健康创新经理
مدير القطب,পোল ম্যানেজার,Pole Manager,Responsable de Polo,Responsable de pôle,पोल मैनेजर,部門マネージャー,부문 관리자,ਵਿਭਾਗ ਦਾ ਮੈਨੇਜਰ,Gerente de Polo,Руководитель направления,Bölüm Yöneticisi,Керівник відділення,Quản lý đơn vị chuyên môn,部门经理
مدير نفايات المستشفيات,হাসপাতাল বর্জ্য ব্যবস্থাপক,Hospital Waste Manager,Responsable de Residuos Hospitalarios,Gestionnaire des déchets hospitaliers,अस्पताल अपशिष्ट प्रबंधक,病院廃棄物マネージャー,병원 폐기물 관리자,ਹਸਪਤਾਲ ਦਾ ਵੇਸਟ ਮੈਨੇਜਰ,Gerente de Resíduos Hospitalares,Менеджер по утилизации больничных отходов,Hastane Atık Yöneticisi,Менеджер з утилізації лікарняних відходів,Quản lý rác thải bệnh viện,医院废物处理经理
مدير رفض NO_MIE,NO_MIE প্রত্যাখ্যান ব্যবস্থাপক,NO_MIE Rejection Manager,Responsable de Rechazos NO_MIE,Gestionnaire de rejet NO_MIE,NO_MIE अस्वीकृति प्रबंधक,NO_MIE拒否対応マネージャー,NO_MIE 거부 처리 관리자,NO_MIE ਅਸਵੀਕਾਰਤਾ ਮੈਨੇਜਰ,Gerente de Rejeição NO_MIE,Менеджер по обработке отказов NO_MIE,NO_MIE Red Yönetimi Sorumlusu,Менеджер з обробки відхилень NO_MIE,Quản lý từ chối NO_MIE,NO_MIE拒付处理经理
مدير النظافة,হাইজিন ম্যানেজার,Hygiene Manager,Responsable de Higiene,Responsable de l'hygiène,स्वच्छता प्रबंधक,衛生マネージャー,위생 관리자,ਸਫਾਈ ਮੈਨੇਜਰ,Gerente de Higiene,Менеджер по гигиене,Hijyen Müdürü,Менеджер з гігієни,Quản lý vệ sinh bệnh viện,卫生经理
مدير لوجستيات المستشفى,হাসপাতাল লজিস্টিকস ম্যানেজার,Hospital Logistics Manager,Responsable de Logística Hospitalaria,Responsable logistique hospitalière,अस्पताल रसद प्रबंधक,病院ロジスティクスマネージャー,병원 물류 관리자,ਹਸਪਤਾਲ ਲੌਜਿਸਟਿਕਸ ਮੈਨੇਜਰ,Gerente de Logística Hospitalar,Менеджер по больничной логистике,Hastane Lojistik Müdürü,Менеджер з логістики лікарні,Quản lý hậu cần bệnh viện,医院后勤经理
مدير رواتب الصحة,স্বাস্থ্য বেতন ব্যবস্থাপক,Health Payroll Manager,Responsable de Nóminas de Salud,Gestionnaire de la paie en santé,स्वास्थ्य पेरोल प्रबंधक,医療給与マネージャー,의료 급여 관리자,ਸਿਹਤ ਤਨਖਾਹ ਮੈਨੇਜਰ,Gerente de Folha de Pagamento da Saúde,Менеджер по расчёту заработной платы,Sağlık Bordro Yöneticisi,Менеджер із заробітної плати у сфері охорони здоров'я,Quản lý lương y tế,医疗薪酬经理
مدير اليقظة الدوائية,ফার্মাকোভিজিল্যান্স ম্যানেজার,Pharmacovigilance Manager,Responsable de Farmacovigilancia,Responsable de la pharmacovigilance,फार्माकोविजिलेंस मैनेजर,医薬品安全性監視マネージャー,약물감시 관리자,ਫਾਰਮਾਕੋਵਿਜੀਲੈਂਸ ਮੈਨੇਜਰ,Gerente de Farmacovigilância,Менеджер по фармаконадзору,Farmakovijilans Yöneticisi,Менеджер з фармаконагляду,Quản lý cảnh báo dược,药物警戒经理
مدير التخطيط الطبي,মেডিকেল পরিকল্পনা ব্যবস্থাপক,Medical Planning Manager,Responsable de Planificación Médica,Responsable de la planification médicale,चिकित्सा योजना प्रबंधक,医療計画マネージャー,의료 계획 관리자,ਮੈਡੀਕਲ ਯੋਜਨਾ ਮੈਨੇਜਰ,Gerente de Planejamento Médico,Менеджер по медицинскому планированию,Tıbbi Planlama Yöneticisi,Менеджер з медичного планування,Quản lý kế hoạch y tế,医疗规划经理
مدير الجودة,কোয়ালিটি ম্যানেজার,Quality Manager,Responsable de Calidad,Responsable qualité,गुणवत्ता प्रबंधक,品質マネージャー,품질 관리자,ਗੁਣਵੱਤਾ ਮੈਨੇਜਰ,Gerente de Qualidade,Менеджер по качеству,Kalite Yöneticisi,Менеджер з якості,Quản lý chất lượng,质量经理
مدير جودة المختبر,ল্যাবরেটরি কোয়ালিটি ম্যানেজার,Laboratory Quality Manager,Responsable de Calidad de Laboratorio,Responsable Qualité Laboratoire,प्रयोगशाला गुणवत्ता प्रबंधक,ラボ品質マネージャー,실험실 품질 관리자,ਪ੍ਰਯੋਗਸ਼ਾਲਾ ਗੁਣਵੱਤਾ ਮੈਨੇਜਰ,Gerente de Qualidade de Laboratório,Менеджер по качеству лаборатории,Laboratuvar Kalite Yöneticisi,Менеджер з якості лабораторії,Quản lý chất lượng phòng xét nghiệm,实验室质量经理
مدير الموارد البشرية الصحية,স্বাস্থ্য মানব সম্পদ ব্যবস্থাপক,Health Human Resources Manager,Responsable de Recursos Humanos en Salud,Responsable des ressources humaines en santé,स्वास्थ्य मानव संसाधन प्रबंधक,医療人事マネージャー,의료 인적자원 관리자,ਸਿਹਤ ਮਨੁੱਖੀ ਸਰੋਤ ਮੈਨੇਜਰ,Gerente de Recursos Humanos da Saúde,Менеджер по персоналу в здравоохранении,Sağlık İnsan Kaynakları Yöneticisi,Менеджер з персоналу у сфері охорони здоров'я,Quản lý nhân sự y tế,医疗人力资源经理
مدير السلامة الصحية,স্বাস্থ্য সুরক্ষা ব্যবস্থাপক,Health Safety Manager,Responsable de Seguridad Sanitaria,Responsable Santé Sécurité,स्वास्थ्य सुरक्षा प्रबंधक,医療安全マネージャー,보건안전 관리자,ਸਿਹਤ ਸੁਰੱਖਿਆ ਮੈਨੇਜਰ,Gerente de Segurança da Saúde,Менеджер по безопасности в здравоохранении,Sağlık Güvenliği Yöneticisi,Менеджер з охорони праці та здоров'я,Quản lý an toàn y tế,健康安全经理
مدير الأخلاقيات,এথিক্স ম্যানেজার,Ethics Manager,Responsable de Ética,Responsable de l'éthique,नैतिकता प्रबंधक,倫理マネージャー,윤리 담당자,ਨੈਤਿਕਤਾ ਮੈਨੇਜਰ,Gerente de Ética,Менеджер по этике,Etik Yöneticisi,Менеджер з етики,Quản lý đạo đức y tế,伦理事务经理
طبيب أمراض الروماتيزم,রিউম্যাটোলজিস্ট,Rheumatologist,Reumatólogo(a),Rhumatologue,ह्रुमेटोलॉजिस्ट,リウマチ専門医,류마티스내과 전문의,ਗਠੀਏ ਦਾ ਮਾਹਿਰ,Reumatologista,Ревматолог,Romatoloji Uzmanı,Ревматолог,Bác sĩ thấp khớp,风湿病学家
مدير المخاطر,রিস্ক ম্যানেজার,Risk Manager,Gestor(a) de Riesgos,Gestionnaire des risques,जोखिम प्रबंधक,リスクマネージャー,리스크 관리자,ਜੋਖਮ ਮੈਨੇਜਰ,Gerente de Riscos,Риск-менеджер,Risk Yöneticisi,Ризик-менеджер,Quản lý rủi ro y tế,风险管理师
معالج ترفيهي,বিনোদন থেরাপিস্ট,Recreation Therapist,Terapeuta Recreativo(a),Thérapeute en loisirs,मनोरंजन चिकित्सक,レクリエーションセラピスト,레크리에이션 치료사,ਮਨੋਰੰਜਨ ਥੈਰੇਪਿਸਟ,Terapeuta Recreativo(a),Рекреационный терапевт,Rekreasyon Terapisti,Рекреаційний терапевт,Nhà trị liệu giải trí,娱乐治疗师
أخصائي العلاج الانعكاسي,রিফ্লেক্সোলজিস্ট,Reflexologist,Reflexólogo(a),Réflexologue,रिफ़्लेक्सोलॉजिस्ट,リフレクソロジスト,반사요법사,ਰਿਫਲੈਕਸੋਲੋਜਿਸਟ,Reflexologista,Рефлексотерапевт,Refleksolog,Рефлексотерапевт,Chuyên gia bấm huyệt,足底反射治疗师
مرجع التأمين الصحي,স্বাস্থ্য বীমা রেফারেন্স,Health Insurance Reference,Referente de Seguro de Salud,Référence en matière d'assurance maladie,स्वास्थ्य बीमा संदर्भ,健康保険担当者,건강보험 담당자,ਸਿਹਤ ਬੀਮਾ ਸਲਾਹਕਾਰ,Consultor(a) de Seguro de Saúde,Консультант по медицинскому страхованию,Sağlık Sigortası Danışmanı,Референт з медичного страхування,Tham chiếu bảo hiểm y tế,健康保险顾问
مرجع مسار المريض,রোগীর পাথওয়ে রেফারেন্স,Patient Pathway Reference,Referente de la Ruta del Paciente,Référence du parcours patient,रोगी पथ संदर्भ,患者経路担当者,환자 경로 담당자,ਮਰੀਜ਼ ਮਾਰਗ ਸਲਾਹਕਾਰ,Responsável pela Linha de Cuidado do Paciente,Координатор маршрутизации пациентов,Hasta Bakım Yolu Sorumlusu,Референт з маршруту пацієнта,Người phụ trách lộ trình bệnh nhân,患者路径协调员
متتبع المريض,পেশেন্ট ট্রেসার রেফারেন্স,Patient Tracer Reference,Referente de Trazabilidad del Paciente,Référence du traceur de patients,रोगी अनुरेखक संदर्भ,患者追跡担当者,환자 추적 담당자,ਮਰੀਜ਼ ਟਰੇਸਰ,Responsável pelo Rastreamento de Pacientes,Специалист по отслеживанию пациентов,Hasta Takip Sorumlusu,Референт з відстеження пацієнтів,Người truy dấu bệnh nhân,患者追踪专员
قابلة,মিডওয়াইফ (ধাত্রী),Midwife,Matrón(a),Sage-femme,दाई,助産師,조산사,ਦਾਈ,Parteiro(a),Акушерка,Ebe,Акушерка,Nữ hộ sinh,助产士
قابلة المستشفى,হাসপাতাল মিডওয়াইফ,Hospital Midwife,Matrón(a) de Hospital,Sage-femme d'hôpital,अस्पताल दाई,病院助産師,병원 조산사,ਹਸਪਤਾਲ ਦੀ ਦਾਈ,Parteiro(a) Hospitalar,Больничная акушерка,Hastane Ebesi,Лікарняна акушерка,Nữ hộ sinh bệnh viện,医院助产士
قابلة مستقلة,স্বাধীন মিডওয়াইফ,Independent Midwife,Matrón(a) Independiente,Sage-femme indépendante,स्वतंत्र दाई,開業助産師,개업 조산사,ਸੁਤੰਤਰ ਦਾਈ,Parteiro(a) Autônomo(a),Частная акушерка,Bağımsız Ebe,Незалежна акушерка,Nữ hộ sinh độc lập,独立助产士
القابلة التقليدية,ঐতিহ্যবাহী মিডওয়াইফ,Traditional Midwife,Partero(a) Tradicional,Sage-femme traditionnelle,पारंपरिक दाई,伝統的な助産師,전통 조산사,ਰਵਾਇਤੀ ਦਾਈ,Parteiro(a) Tradicional,Традиционная акушерка,Geleneksel Ebe,Традиційна акушерка,Nữ hộ sinh truyền thống,传统助产士
مسعف أول,ফার্স্ট এইডার,First Aider,Socorrista,Secouriste,पहली मदद करने वाला,救急隊員,응급구조사,ਫਸਟ ਏਡਰ,Socorrista,Специалист по оказанию первой помощи,İlk Yardım Görevlisi,Рятувальник (перша допомога),Nhân viên sơ cứu,急救员
مسعف قتالي,কমব্যাট মেডিক,Combat Medic,Médico(a) de Combate,Médecin de combat,लड़ाकू चिकित्सा,戦闘衛生兵,전투 의무병,ਜੰਗੀ ਮੈਡਿਕ,Médico(a) de Combate,Военный фельдшер,Savaş Hekimi,Бойовий медик,Bác sĩ y tế chiến đấu,军医
سكرتير طبي,মেডিকেল সেক্রেটারি,Medical Secretary,Secretario(a) Médico(a),Secrétaire médicale,चिकित्सा सचिव,医療秘書,의료 비서,ਮੈਡੀਕਲ ਸਕੱਤਰ,Secretário(a) Médico(a),Медицинский секретарь,Tıbbi Sekreter,Медичний секретар,Thư ký y tế,医疗秘书
أخصائي السوفرولوجي,সোফ্রোলজিস্ট,Sophrologist,Sofrólogo(a),Sophrologue,सोफ्रोलॉजिस्ट,ソフロロジスト,소프롤로지스트,ਸੋਫਰੋਲੋਜਿਸਟ,Sofrologista,Софролог,Sofrolog,Софролог,Nhà trị liệu Sophrology,索非洛格治疗师
أخصائي الخصوبة,উর্বরতা বিশেষজ্ঞ,Fertility Specialist,Especialista en Fertilidad,Spécialiste en fertilité,प्रजनन विशेषज्ञ,不妊治療専門家,불임 전문의,ਜਣਨ ਸ਼ਕਤੀ ਦਾ ਮਾਹਿਰ,Especialista em Fertilidade,Специалист по лечению бесплодия / Репродуктолог,Doğurganlık Uzmanı,Спеціаліст з фертильності (Репродуктолог),Bác sĩ hỗ trợ sinh sản,生育专家
أخصائي أنظمة الصحة الرقمية,ডিজিটাল স্বাস্থ্য সিস্টেম বিশেষজ্ঞ,Digital Health Systems Specialist,Especialista en Sistemas de Salud Digital,Spécialiste des systèmes de santé numériques,डिजिटल स्वास्थ्य प्रणाली विशेषज्ञ,デジタルヘルスシステム専門家,디지털 헬스 시스템 전문가,ਡਿਜੀਟਲ ਸਿਹਤ ਪ੍ਰਣਾਲੀ ਦਾ ਮਾਹਿਰ,Especialista em Sistemas de Saúde Digital,Специалист по цифровым системам здравоохранения,Dijital Sağlık Sistemleri Uzmanı,Спеціаліст із цифрових систем охорони здоров’я,Chuyên gia hệ thống y tế số,数字健康系统专家
أخصائي ضعف البصر,স্বল্প দৃষ্টি বিশেষজ্ঞ,Low Vision Specialist,Especialista en Baja Visión,Spécialiste de la basse vision,कम दृष्टि विशेषज्ञ,ロービジョン専門家,저시력 전문가,ਘੱਟ ਨਜ਼ਰ ਦਾ ਮਾਹਿਰ,Especialista em Baixa Visão,Специалист по слабовидению,Az Görme Uzmanı,Спеціаліст зі слабкого зору,Chuyên gia thị lực kém,低视力专家
أخصائي طب النوم,ঘুম ঔষধ বিশেষজ্ঞ,Sleep Medicine Specialist,Especialista en Medicina del Sueño,Spécialiste en médecine du sommeil,नींद चिकित्सा विशेषज्ञ,睡眠医療専門家,수면의학 전문의,ਨੀਂਦ ਦੀ ਦਵਾਈ ਦਾ ਮਾਹਿਰ,Especialista em Medicina do Sono,Специалист по медицине сна / Сомнолог,Uyku Tıbbı Uzmanı,Спеціаліст з медицини сну (Сомнолог),Bác sĩ chuyên y học giấc ngủ,睡眠医学专家
أخصائي اضطرابات الأكل,খাদ্যাভ্যাস ব্যাধি বিশেষজ্ঞ,Eating Disorders Specialist,Especialista en Trastornos de la Alimentación,Spécialiste des troubles de l'alimentation,भोजन विकार विशेषज्ञ,摂食障害専門家,섭식장애 전문가,ਖਾਣ-ਪੀਣ ਦੇ ਵਿਕਾਰਾਂ ਦਾ ਮਾਹਿਰ,Especialista em Transtornos Alimentares,Специалист по расстройствам пищевого поведения,Yeme Bozuklukları Uzmanı,Спеціаліст з розладів харчової поведінки,Bác sĩ chuyên rối loạn ăn uống,饮食失调专家
مشرف إداري صحي,স্বাস্থ্য প্রশাসনিক সুপারভাইজার,Health Administrative Supervisor,Supervisor(a) Administrativo(a) de Salud,Superviseur administratif de la santé,स्वास्थ्य प्रशासनिक पर्यवेक्षक,医療管理スーパーバイザー,보건행정 감독관,ਸਿਹਤ ਪ੍ਰਸ਼ਾਸਨਿਕ ਨਿਗਰਾਨ,Supervisor(a) Administrativo(a) de Saúde,Административный руководитель в здравоохранении,Sağlık İdari Sorumlusu,Адміністративний супервайзер у сфері охорони здоров'я,Giám sát hành chính y tế,卫生行政主管
مشرف الفريق,টিম সুপারভাইজার,Team Supervisor,Supervisor(a) de Equipo,Superviseur d'équipe,टीम पर्यवेक्षक,チームスーパーバイザー,팀 감독관,ਟੀਮ ਨਿਗਰਾਨ,Supervisor(a) de Equipe,Руководитель группы,Ekip Lideri,Керівник групи (супервайзер),Giám sát nhóm y tế,团队主管
فنان الوشم الطبي (إعادة بناء الثدي وما إلى ذلك),মেডিকেল ট্যাটু আর্টিস্ট (স্তন পুনর্গঠন ইত্যাদি),Medical Tattoo Artist (breast reconstruction etc.),Tatuador(a) Médico(a),Tatoueur médical (reconstruction mammaire etc.),मेडिकल टैटू कलाकार (स्तन पुनर्निर्माण आदि),医療タトゥーアーティスト（乳房再建など）,의료 문신 전문가 (유방 재건 등),ਮੈਡੀਕਲ ਟੈਟੂ ਕਲਾਕਾਰ (ਛਾਤੀ ਪੁਨਰ ਨਿਰਮਾਣ ਆਦਿ),Tatuador(a) Médico(a),Мастер медицинского татуажа (реконструкция груди и т.д.),Tıbbi Dövme Sanatçısı (Meme rekonstrüksiyonu vb.),"Майстер медичного татуювання (напр., реконструкція грудей)",Nghệ sĩ xăm y tế (phục hồi ngực...),医疗纹身师 (乳房重建等)
فني غسيل الكلى,ডায়ালাইসিস টেকনিশিয়ান,Dialysis Technician,Técnico(a) de Diálisis,Technicien en dialyse,डायलिसिस तकनीशियन,透析技士,혈액투석 기사,ਡਾਇਲਸਿਸ ਤਕਨੀਸ਼ੀਅਨ,Técnico(a) em Diálise,Техник диализа,Diyaliz Teknisyeni,Технік з діалізу,Kỹ thuật viên lọc máu chạy thận,透析技术员
فني تخطيط كهربية القلب,ইলেক্ট্রোকার্ডিওগ্রাফি টেকনিশিয়ান,Electrocardiography Technician,Técnico(a) en Electrocardiografía,Technicien en électrocardiographie,इलेक्ट्रोकार्डियोग्राफी तकनीशियन,心電図技師,심전도 기사,ਇਲੈਕਟ੍ਰੋਕਾਰਡੀਓਗ੍ਰਾਫੀ ਤਕਨੀਸ਼ੀਅਨ,Técnico(a) em Eletrocardiografia,Техник по ЭКГ,Elektrokardiyografi Teknisyeni,Технік з електрокардіографії,Kỹ thuật viên điện tâm đồ,心电图技术员
فني تخطيط كهربية الدماغ,ইলেক্ট্রোএনসেফালোগ্রাফি টেকনিশিয়ান,Electroencephalography Technician,Técnico(a) en Electroencefalografía,Technicien en électroencéphalographie,इलेक्ट्रोएन्सेफेलोग्राफी तकनीशियन,脳波技師,뇌파 기사,ਇਲੈਕਟ੍ਰੋਐਂਸੈਫਲੋਗ੍ਰਾਫੀ ਤਕਨੀਸ਼ੀਅਨ,Técnico(a) em Eletroencefalografia,Техник по ЭЭГ,Elektroensefalografi Teknisyeni,Технік з електроенцефалографії,Kỹ thuật viên điện não đồ,脑电图技术员
فني غسيل الكلى,হেমোডায়ালাইসিস টেকনিশিয়ান,Hemodialysis Technician,Técnico(a) en Hemodiálisis,Technicien en hémodialyse,हेमोडायलिसिस तकनीशियन,血液透析技士,혈액투석 기사,ਹੀਮੋਡਾਇਆਲਿਸਸ ਤਕਨੀਸ਼ੀਅਨ,Técnico(a) em Hemodiálise,Техник по гемодиализу,Hemodiyaliz Teknisyeni,Технік з гемодіалізу,Kỹ thuật viên lọc máu,血液透析技术员
فني معلومات طبية,মেডিকেল ইনফরমেশন টেকনিশিয়ান,Medical Information Technician,Técnico(a) en Información Médica,Technicien en information médicale,चिकित्सा सूचना तकनीशियन,医療情報技師,의료정보 기술자,ਮੈਡੀਕਲ ਜਾਣਕਾਰੀ ਤਕਨੀਸ਼ੀਅਨ,Técnico(a) de Informação Médica,Техник по медицинской информации,Tıbbi Bilgi Teknisyeni,Технік з медичної інформації,Kỹ thuật viên thông tin y tế,医疗信息技术员
فني مختبر,ল্যাবরেটরি টেকনিশিয়ান,Laboratory Technician,Técnico(a) de Laboratorio,Technicien de laboratoire,प्रयोगशाला तकनीशियन,臨床検査技師,임상병리사,ਪ੍ਰਯੋਗਸ਼ਾਲਾ ਤਕਨੀਸ਼ੀਅਨ,Técnico(a) de Laboratório,Лаборант,Laboratuvar Teknisyeni,Лаборант,Kỹ thuật viên phòng xét nghiệm,实验室技术员
فني صيانة طبية,মেডিকেল রক্ষণাবেক্ষণ টেকনিশিয়ান,Medical Maintenance Technician,Técnico(a) de Mantenimiento Médico,Technicien de maintenance médicale,चिकित्सा रखरखाव तकनीशियन,医療機器メンテナンス技術者,의료기기 유지보수 기술자,ਮੈਡੀਕਲ ਰੱਖ-ਰਖਾਅ ਤਕਨੀਸ਼ੀਅਨ,Técnico(a) de Manutenção Médica,Техник по обслуживанию медоборудования,Tıbbi Bakım Teknisyeni,Технік з обслуговування медичного обладнання,Kỹ thuật viên bảo trì thiết bị y tế,医疗设备维护技术员
فني تعقيم,জীবাণুমুক্তকরণ টেকনিশিয়ান,Sterilization Technician,Técnico(a) de Esterilización,Technicien en stérilisation,नसबंदी तकनीशियन,滅菌技術者,멸균 관리 기술자,ਨਸਬੰਦੀ ਤਕਨੀਸ਼ੀਅਨ,Técnico(a) de Esterilização,Техник по стерилизации,Sterilizasyon Teknisyeni,Технік зі стерилізації,Kỹ thuật viên tiệt trùng,消毒供应技术员
فني أسنان,ডেন্টাল টেকনিশিয়ান,Dental Technician,Técnico(a) Dental,Technicien dentaire,दंत तकनीशियन,歯科技工士,치과기공사,ਡੈਂਟਲ ਤਕਨੀਸ਼ੀਅਨ,Técnico(a) em Prótese Dentária,Зубной техник,Diş Teknisyeni,Зубний технік,Kỹ thuật viên nha khoa,牙科技师
فني أمراض القلب,কার্ডিওলজি টেকনিশিয়ান,Cardiology Technician,Técnico(a) en Cardiología,Technicien en cardiologie,कार्डियोलॉजी तकनीशियन,心臓学技術者,심장학 테크니션,ਕਾਰਡੀਓਲੋਜੀ ਤਕਨੀਸ਼ੀਅਨ,Técnico(a) em Cardiologia,Кардиологический техник,Kardiyoloji Teknisyeni,Кардіологічний технік,Kỹ thuật viên tim mạch,心脏病学技术员
فني علم الوراثة,জেনেটিক্স টেকনিশিয়ান,Genetics Technician,Técnico(a) en Genética,Technicien en génétique,जेनेटिक्स तकनीशियन,遺伝学技術者,유전학 테크니션,ਜੈਨੇਟਿਕਸ ਤਕਨੀਸ਼ੀਅਨ,Técnico(a) em Genética,техник-генетик,Genetik Teknisyeni,Технік-генетик,Kỹ thuật viên di truyền,遗传学技术员
فني التصوير الطبي,মেডিকেল ইমেজিং টেকনিশিয়ান,Medical Imaging Technician,Técnico(a) en Imagen Médica,Technicien en imagerie médicale,मेडिकल इमेजिंग तकनीशियन,医療画像技術者,의료영상 기술자,ਮੈਡੀਕਲ ਇਮੇਜਿੰਗ ਤਕਨੀਸ਼ੀਅਨ,Técnico(a) em Imagem Médica,Техник по медицинской визуализации,Tıbbi Görüntüleme Teknisyeni,Технік з медичної візуалізації,Kỹ thuật viên chẩn đoán hình ảnh y tế,医学影像技术员
فني فيزيولوجيا الأعصاب,নিউরোফিজিওলজি টেকনিশিয়ান,Neurophysiology Technician,Técnico(a) en Neurofisiología,Technicien en neurophysiologie,न्यूरोफिज़ियोलॉजी तकनीशियन,神経生理学技術者,신경생리검사 기사,ਨਿਊਰੋਫਿਜ਼ੀਓਲੋਜੀ ਤਕਨੀਸ਼ੀਅਨ,Técnico(a) em Neurofisiologia,Техник-нейрофизиолог,Nörofizyoloji Teknisyeni,Технік з нейрофізіології,Kỹ thuật viên sinh lý thần kinh,神经生理学技术员
فني طب الطوارئ,জরুরী চিকিৎসা টেকনিশিয়ান,Emergency Medical Technician,Técnico(a) en Emergencias Médicas,Technicien médical d'urgence,आपातकालीन चिकित्सा तकनीशियन,救急救命士,응급구조사,ਐਮਰਜੈਂਸੀ ਮੈਡੀਕਲ ਤਕਨੀਸ਼ੀਅਨ,Técnico(a) de Emergência Médica,Техник скорой медицинской помощи,Acil Tıp Teknisyeni,Технік екстреної медичної допомоги,Kỹ thuật viên cấp cứu y tế,急救医疗技术员
فني جراحة العظام,অর্থোপেডিক টেকনিশিয়ান,Orthopedic Technician,Técnico(a) Ortopédico(a),Technicien orthopédique,ऑर्थोपेडिक तकनीशियन,整形外科技術者,정형외과 테크니션,ਆਰਥੋਪੀਡਿਕ ਤਕਨੀਸ਼ੀਅਨ,Técnico(a) em Ortopedia,Техник-ортопед,Ortopedi Teknisyeni,Технік-ортопед,Kỹ thuật viên chỉnh hình,骨科技师
فني طب عن بعد,টেলিমেডিসিন টেকনিশিয়ান,Telemedicine Technician,Técnico(a) de Telemedicina,Technicien en télémédecine,टेलीमेडिसिन तकनीशियन,遠隔医療技術者,원격의료 기술자,ਟੈਲੀਮੈਡੀਸਨ ਤਕਨੀਸ਼ੀਅਨ,Técnico(a) em Telemedicina,Техник по телемедицине,Teletıp Teknisyeni,Технік з телемедицини,Kỹ thuật viên y tế từ xa,远程医疗技术员
أخصائي علم الموت,থ্যানাটোলজিস্ট,Thanatologist,Tanatólogo(a),Thanatologue,थानाटोलॉजिस्ट,死生学者,죽음학 연구가,ਥੈਨਾਟੋਲੋਜਿਸਟ,Tanatologista,Танатолог,Tanatolog,Танатолог,Nhà nghiên cứu về tử thi,死亡学研究者
معالج زواجي,বৈবাহিক থেরাপিস্ট,Marital Therapist,Terapeuta Matrimonial,Thérapeute conjugal,वैवाहिक चिकित्सक,夫婦セラピスト,부부 치료사,ਵਿਆਹੁਤਾ ਥੈਰੇਪਿਸਟ,Terapeuta Conjugal,Супружеский терапевт,Evlilik Terapisti,Подружній терапевт,Nhà trị liệu hôn nhân,婚姻治疗师
معالج الأزواج,দম্পতি থেরাপিস্ট,Couple Therapist,Terapeuta de Pareja,Thérapeute de couple,युगल चिकित्सक,カップルセラピスト,커플 치료사,ਜੋੜੇ ਦਾ ਥੈਰੇਪਿਸਟ,Terapeuta de Casal,Семейный психотерапевт,Çift Terapisti,Парний терапевт,Nhà trị liệu cặp đôi,夫妻治疗师
معالج عائلي,পারিবারিক থেরাপিস্ট,Family Therapist,Terapeuta Familiar,Thérapeute familial,पारिवारिक चिकित्सक,家族療法士,가족 치료사,ਪਰਿਵਾਰਕ ਥੈਰੇਪਿਸਟ,Terapeuta Familiar,Семейный терапевт,Aile Terapisti,Сімейний терапевт,Nhà trị liệu gia đình,家庭治疗师
معالج تنفسي,রেসপিরেটরি থেরাপিস্ট,Respiratory Therapist,Terapeuta Respiratorio(a),Inhalothérapeute,श्वसन चिकित्सक,呼吸療法士,호흡기 치료사,ਸਾਹ ਪ੍ਰਣਾਲੀ ਦਾ ਥੈਰੇਪਿਸਟ,Terapeuta Respiratório(a),Респираторный терапевт,Solunum Terapisti,Респіраторний терапевт,Chuyên viên trị liệu hô hấp,呼吸治疗师
عالم سموم,টক্সিকোলজিস্ট,Toxicologist,Toxicólogo(a),Toxicologue,विषविज्ञानी,毒物学者,독성학자,ਜ਼ਹਿਰ-ਵਿਗਿਆਨੀ,Toxicologista,Токсиколог,Toksikolog,Токсиколог,Nhà độc chất học,毒理学家
النقل الطبي,মেডিকেল পরিবহন,Medical Transport,Transportista Sanitario(a),Transport médical,चिकित्सा परिवहन,患者搬送担当者,환자 이송 담당자,ਮੈਡੀਕਲ ਟ੍ਰਾਂਸਪੋਰਟ ਕਰਮਚਾਰੀ,Transporte Médico,Медицинский транспорт,Tıbbi Nakil Hizmetleri,Медичний транспортер,Nhân viên vận chuyển y tế,医疗运输人员
طبيب المسالك البولية,ইউরোলজিস্ট,Urologist,Urólogo(a),Urologue,उरोलोजिस्त,泌尿器科医,비뇨의학과 의사,ਯੂਰੋਲੋਜਿਸਟ,Urologista,Уролог,Üroloji Uzmanı,Уролог,Bác sĩ tiết niệu,泌尿科医生
ممثل طبي,মেডিকেল প্রতিনিধি,Medical Representative,Visitador(a) Médico(a),Représentant médical,चिकित्सा प्रतिनिधि,医薬情報担当者 (MR),제약회사 영업사원 (MR),ਮੈਡੀਕਲ ਪ੍ਰਤੀਨਿਧੀ,Representante Farmacêutico(a),Медицинский представитель,Tıbbi Mümessil,Медичний представник,Đại diện y tế,医药代表
طبيب أمراض تناسلية,ভেনেরিওলজিস্ট,Venereologist,Venereólogo(a),Vénéréologue,वेनेरालजिस्ट,性病専門医,성병 전문의,ਵੈਨਰੀਓਲੋਜਿਸਟ,Venereologista,Венеролог,Venerolog,Венеролог,Bác sĩ chuyên bệnh hoa liễu,性病学家
اقتصادي صحي,স্বাস্থ্য অর্থনীতিবিদ,Health Economist,Economista de la Salud,Économiste de la santé,स्वास्थ्य अर्थशास्त्री,医療経済学者,보건경제학자,ਸਿਹਤ ਅਰਥ ਸ਼ਾਸਤਰੀ,Economista da Saúde,Экономист в сфере здравоохранения,Sağlık Ekonomisti,Економіст у сфері охорони здоров'я,Nhà kinh tế y tế,健康经济学家
مربي صحي,স্বাস্থ্য শিক্ষাবিদ,Health Educator,Educador(a) para la Salud,Éducateur en santé,स्वास्थ्य शिक्षक,健康教育者,보건교육사,ਸਿਹਤ ਸਿੱਖਿਅਕ,Educador(a) em Saúde,Инструктор по санитарному просвещению,Sağlık Eğitimcisi,Педагог-валеолог (освітянин у сфері здоров'я),Nhân viên giáo dục sức khỏe,健康教育工作者
المعلم العلاجي,থেরাপিউটিক শিক্ষাবিদ,Therapeutic Educator,Educador(a) Terapéutico(a),Éducateur thérapeutique,चिकित्सीय शिक्षक,治療教育者,치료 교육 전문가,ਇਲਾਜ ਸੰਬੰਧੀ ਸਿੱਖਿਅਕ,Educador(a) Terapêutico(a),Терапевтический педагог,Terapötik Eğitimci,Терапевтичний педагог,Chuyên gia giáo dục trị liệu,治疗教育者
معلم متخصص,বিশেষায়িত শিক্ষাবিদ,Specialized Educator,Educador(a) Especializado(a),Éducateur spécialisé,विशिष्ट शिक्षक,専門教育者,특수 교육 전문가,ਵਿਸ਼ੇਸ਼ ਸਿੱਖਿਅਕ,Educador(a) Especializado(a),Специальный педагог,Uzman Eğitimci,Спеціальний педагог,Giáo viên chuyên biệt về sức khỏe,特殊教育工作者
,,,,,,,,,,,,Giáo viên chuyên biệt về sức khỏe,,